Edge_ID,Source_ID,Citing_Title,Citing_Year,Citing_Venue_Raw,Citing_DOI,Article_URL,Full_Text_URL,Citing_Authors_Raw,Context_Priority,Independence_Class,Independence_Confidence,Independence_Note,Phase3_Fast_Attempted,Phase3_Fast_Match_Source,Phase3_Fast_Title_Score,Phase3_Fast_OpenAlex_ID,Phase3_Fast_Canonical_DOI,Phase3_Fast_Authors,Phase3_Fast_Institutions,Phase3_Fast_Countries,Final_Independence_Class,Final_Independence_Confidence,Final_Independence_Note,Overlapping_Source_Authors,Phase3_Fast_Changed
E001,P01,Materials-driven soft wearable bioelectronics for connected healthcare,2024,Chemical Reviews,10.1021/acs.chemrev.3c00502,https://pubs.acs.org/doi/abs/10.1021/acs.chemrev.3c00502,,"S Gong, Y Lu, J Yin, A Levin, W Cheng",Medium,Author metadata incomplete,Unresolved,Compact seed: full API author audit required.,Yes,OpenAlex DOI,100.0,https://openalex.org/W4390588573,10.1021/acs.chemrev.3c00502,Shu Gong; Lu Yan; Jialiang Yin; Arie Levin; Wenlong Cheng,Monash University,AU,Fully independent,Verified,No source-author overlap found in a full OpenAlex/Crossref author list.,,Yes
E002,P01,Age of flexible electronics: emerging trends in soft multifunctional sensors,2024,Advanced Materials,10.1002/adma.202310505,https://advanced.onlinelibrary.wiley.com/doi/abs/10.1002/adma.202310505,https://advanced.onlinelibrary.wiley.com/doi/pdf/10.1002%2Fadma.202310505,"JH Lee, K Cho, JK Kim",Low,Author metadata incomplete,Unresolved,Compact seed: full API author audit required.,Yes,OpenAlex DOI,100.0,https://openalex.org/W4391137392,10.1002/adma.202310505,Jeng‐Hun Lee; Kilwon Cho; Jang‐Kyo Kim,Khalifa University of Science and Technology; Pohang University of Science and Technology; UNSW Sydney,AE; AU; KR,Fully independent,Verified,No source-author overlap found in a full OpenAlex/Crossref author list.,,Yes
E003,P01,Porous conductive textiles for wearable electronics,2024,Chemical …,10.1021/acs.chemrev.3c00507,https://pubs.acs.org/doi/abs/10.1021/acs.chemrev.3c00507,https://ira.lib.polyu.edu.hk/bitstream/10397/113600/1/Ding_Porous_Conductive_Textiles.pdf,"Y Ding, J Jiang, Y Wu, Y Zhang, J Zhou…",Medium,Author metadata incomplete,Unresolved,Compact seed: full API author audit required.,Yes,OpenAlex DOI,100.0,https://openalex.org/W4391929423,10.1021/acs.chemrev.3c00507,Yichun Ding; Jinxing Jiang; Yingsi Wu; Yaokang Zhang; Junhua Zhou; Yufei Zhang; Qiyao Huang; Zijian Zheng,Chinese Academy of Sciences; Fujian Institute of Research on the Structure of Matter; Hong Kong Polytechnic University; Tan Kah Kee Innovation Laboratory,CN; HK,Fully independent,Verified,No source-author overlap found in a full OpenAlex/Crossref author list.,,Yes
E004,P01,Toward an AI era: advances in electronic skins,2024,Chemical Reviews,,https://pmc.ncbi.nlm.nih.gov/articles/PMC11397144/,https://pmc.ncbi.nlm.nih.gov/articles/PMC11397144/,"X Fu, W Cheng, G Wan, Z Yang, BCK Tee",Medium,Author metadata incomplete,Unresolved,Compact seed: full API author audit required.,Yes,OpenAlex title search,100.0,https://openalex.org/W4402012888,10.1021/acs.chemrev.4c00049,Xuemei Fu; Wen Cheng; Guanxiang Wan; Zijie Yang; Benjamin C. K. Tee,"Agency for Science, Technology and Research; Institute of Materials Research and Engineering; Japan Science and Technology Agency; National University of Singapore",JP; SG,Fully independent,Verified,No source-author overlap found in a full OpenAlex/Crossref author list.,,Yes
E005,P01,"Electronic skin for health monitoring systems: properties, functions, and applications",2024,Advanced …,10.1002/adma.202402542,https://advanced.onlinelibrary.wiley.com/doi/abs/10.1002/adma.202402542,,"X Yang, W Chen, Q Fan, J Chen, Y Chen…",High,Author metadata incomplete,Unresolved,Compact seed: full API author audit required.,Yes,OpenAlex DOI,100.0,https://openalex.org/W4397021207,10.1002/adma.202402542,Xichen Yang; Wenzheng Chen; Qunfu Fan; Jing Chen; Yujie Chen; Feili Lai; Hezhou Liu,Collaborative Innovation Centre for Advanced Ship and Deep-Sea Exploration; Shanghai Jiao Tong University,CN,Fully independent,Verified,No source-author overlap found in a full OpenAlex/Crossref author list.,,Yes
E006,P01,Traditional Chinese Medicine (TCM)‐Inspired Fully Printed Soft Pressure Sensor Array with Self‐Adaptive Pressurization for Highly Reliable Individualized Long‐Term …,2025,Advanced …,10.1002/adma.202410312,https://advanced.onlinelibrary.wiley.com/doi/abs/10.1002/adma.202410312,,"X Wang, G Wu, X Zhang, F Lv, Z Yang…",Pending,Author metadata incomplete,Unresolved,Compact seed: full API author audit required.,Yes,OpenAlex DOI,100.0,https://openalex.org/W4402994118,10.1002/adma.202410312,Xin Wang; Guirong Wu; Xikuan Zhang; Fei Lv; Zekun Yang; Xueli Nan; Zengxing Zhang; Chenyang Xue; Huanyu Cheng; Libo Gao,North University of China; Pennsylvania State University; Shanxi University; Xiamen University; Xiamen University of Technology,CN; US,Fully independent,Verified,No source-author overlap found in a full OpenAlex/Crossref author list.,,Yes
E007,P01,Flexible strain sensors with ultra-high sensitivity and wide range enabled by crack-modulated electrical pathways,2025,Nano-Micro Letters,10.1007/s40820-024-01571-6,https://link.springer.com/article/10.1007/s40820-024-01571-6,https://link.springer.com/content/pdf/10.1007/s40820-024-01571-6.pdf,"Y Bai, Y Zhou, X Wu, M Yin, L Yin, S Qu, F Zhang, K Li…",Pending,Author metadata incomplete,Unresolved,Compact seed: full API author audit required.,Yes,OpenAlex DOI,100.0,https://openalex.org/W4404455487,10.1007/s40820-024-01571-6,Yunzhao Bai; Yunlei Zhou; Xuanyu Wu; Mengfei Yin; Liting Yin; Shiyuan Qu; Fan Zhang; Kan Li; YongAn Huang,Huazhong University of Science and Technology; University of Southern California; Xidian University; Xuzhou University of Technology,CN; US,Fully independent,Verified,No source-author overlap found in a full OpenAlex/Crossref author list.,,Yes
E008,P01,Ag–thiolate interactions to enable an ultrasensitive and stretchable MXene strain sensor with high temporospatial resolution,2024,Nature …,,https://www.nature.com/articles/s41467-024-49787-9,https://www.nature.com/articles/s41467-024-49787-9.pdf,"Y Liu, Z Xu, X Ji, X Xu, F Chen, X Pan, Z Fu…",Low,Author metadata incomplete,Unresolved,Compact seed: full API author audit required.,Yes,OpenAlex title search,100.0,https://openalex.org/W4400010126,10.1038/s41467-024-49787-9,Yang Liu; Zijun Xu; Xinyi Ji; Xin Xu; Fei Chen; Xiaosen Pan; Zhiqiang Fu; Yunzhi Chen; Zhengjian Zhang; Hongbin Liu; Bowen Cheng; Jiajie Liang,Nankai University; Tiangong University; Tianjin University of Science and Technology,CN,Fully independent,Verified,No source-author overlap found in a full OpenAlex/Crossref author list.,,Yes
E009,P01,"Thin, flexible hybrid-structured piezoelectric sensor array with enhanced resolution and sensitivity",2024,Nano Energy,,https://www.sciencedirect.com/science/article/pii/S221128552400939X,,"L Zhen, M Cui, X Bai, J Jiang, X Ma, M Wang, J Liu…",Medium,Author metadata incomplete,Unresolved,Compact seed: full API author audit required.,Yes,OpenAlex title search,100.0,https://openalex.org/W4401964052,10.1016/j.nanoen.2024.110188,Liyun Zhen; Meng Cui; Xingyu Bai; Jia‐Xing Jiang; Xin Ma; Meng Wang; Jingquan Liu; Bin Yang,China Aerodynamics Research and Development Center; Shanghai Jiao Tong University; Shanghai Sixth People's Hospital,CN,Fully independent,Verified,No source-author overlap found in a full OpenAlex/Crossref author list.,,Yes
E010,P01,Flexible and sensitive pressure sensor with enhanced breathability for advanced wearable health monitoring,2025,npj Flexible …,,https://www.nature.com/articles/s41528-025-00469-6,https://www.nature.com/articles/s41528-025-00469-6.pdf,"X Chen, C Wang, W Wei, Y Liu, SS Ge, L Zhou…",High,Author metadata incomplete,Unresolved,Compact seed: full API author audit required.,Yes,OpenAlex title search,100.0,https://openalex.org/W4414543791,10.1038/s41528-025-00469-6,Xingguang Chen; Chen‐Hao Wang; Wei Wei; Yinhua Liu; Shuzhi Sam Ge; Lianqun Zhou; Hui Kong,Chinese Academy of Sciences; Hangzhou Wanxiang Polytechnic; National University of Singapore; Qingdao University; Suzhou Institute of Biomedical Engineering and Technology; University Hospital Zurich; University of Zurich; Zhejiang University,CH; CN; SG,Fully independent,Verified,No source-author overlap found in a full OpenAlex/Crossref author list.,,Yes
E011,P01,Constructing a high-power self-powered electrochemical pressure sensor for multimode pressure detections,2025,Nano Energy,,https://www.sciencedirect.com/science/article/pii/S2211285525001065,,"M Zhang, Z Duan, Z Huang, H Yu, C Wang, H Zhang…",Pending,Author metadata incomplete,Unresolved,Compact seed: full API author audit required.,Yes,OpenAlex title search,100.0,https://openalex.org/W4407088212,10.1016/j.nanoen.2025.110747,Mingxiang Zhang; Zaihua Duan; Zekai Huang; Haichao Yu; Changhong Wang; Hangxi Zhang; Teng Li; Qi Huang; Zhen Yuan; Yadong Jiang; Huiling Tai,China Electronics Technology Group Corporation; University of Electronic Science and Technology of China,CN,Fully independent,Verified,No source-author overlap found in a full OpenAlex/Crossref author list.,,Yes
E012,P01,Skin-inspired interlocked microstructures with soft-hard synergistic effect for high-sensitivity and wide-linear-range pressure sensing,2024,Chemical Engineering Journal,,https://www.sciencedirect.com/science/article/pii/S1385894724055724,,"S Tu, Y Xi, X Cui, Z Xu, Z Liu, Y Zhu",Medium,Author metadata incomplete,Unresolved,Compact seed: full API author audit required.,Yes,OpenAlex title search,100.0,https://openalex.org/W4400721686,10.1016/j.cej.2024.154083,Shiwen Tu; Yangbin Xi; Xihua Cui; Zhiguang Xu; Zunfeng Liu; Yutian Zhu,Hangzhou Normal University; Jiaxing University; Nankai University; State Key Laboratory of Medicinal Chemical Biology,CN,Fully independent,Verified,No source-author overlap found in a full OpenAlex/Crossref author list.,,Yes
E013,P01,Integration of photodiagnosis and therapy guided by micro/nanorobots,2025,Advanced …,10.1002/adma.202420359,https://advanced.onlinelibrary.wiley.com/doi/abs/10.1002/adma.202420359,,"Q Ding, S Huang, Z Zhang, D Yu, M Li…",Pending,Author metadata incomplete,Unresolved,Compact seed: full API author audit required.,Yes,OpenAlex DOI,100.0,https://openalex.org/W4408415691,10.1002/adma.202420359,Qihang Ding; Siqi Huang; Zihan Zhang; Donghu Yu; Man Li; Qin He; Ling Mei,Chengdu University; Korea University; Sichuan University; Wuhan University; Zhongnan Hospital of Wuhan University,CN; KR,Fully independent,Verified,No source-author overlap found in a full OpenAlex/Crossref author list.,,Yes
E014,P01,Two-stage micropyramids enhanced flexible piezoresistive sensor for health monitoring and human–computer interaction,2024,ACS Applied Materials & …,10.1021/acsami.3c18788,https://pubs.acs.org/doi/abs/10.1021/acsami.3c18788,,"Z Chen, C Qu, J Yao, Y Zhang, Y Xu",Medium,Author metadata incomplete,Unresolved,Compact seed: full API author audit required.,Yes,OpenAlex DOI,100.0,https://openalex.org/W4391484113,10.1021/acsami.3c18788,Zhihao Chen; Changming Qu; Jingjing Yao; Yuanlong Zhang; Yun Xu,Chinese Academy of Sciences; Institute of Semiconductors; University of Chinese Academy of Sciences,CN,Fully independent,Verified,No source-author overlap found in a full OpenAlex/Crossref author list.,,Yes
E015,P01,Flexible pressure sensor arrays with high sensitivity and high density based on spinous microstructures for carved patterns recognition,2025,Advanced Functional …,10.1002/adfm.202417238,https://advanced.onlinelibrary.wiley.com/doi/abs/10.1002/adfm.202417238,,"W Zhao, K Li, Z Li, W Wang, X Yu…",Pending,Author metadata incomplete,Unresolved,Compact seed: full API author audit required.,Yes,OpenAlex DOI,100.0,https://openalex.org/W4405006072,10.1002/adfm.202417238,Wenli Zhao; Kun Li; Zonglin Li; Weiwei Wang; Xiaofeng Yu; Tong Zhang; Xiaoniu Yang,Changchun Institute of Applied Chemistry; Chinese Academy of Sciences; State Key Laboratory of Polymer Physics and Chemistry; University of Science and Technology of China,CN,Fully independent,Verified,No source-author overlap found in a full OpenAlex/Crossref author list.,,Yes
E016,P01,Expanding the horizons of machine learning in nanomaterials to chiral nanostructures,2024,Advanced …,10.1002/adma.202308912,https://advanced.onlinelibrary.wiley.com/doi/abs/10.1002/adma.202308912,https://advanced.onlinelibrary.wiley.com/doi/pdf/10.1002%2Fadma.202308912,"V Kuznetsova, Á Coogan, D Botov…",Pending,Author metadata incomplete,Unresolved,Compact seed: full API author audit required.,Yes,OpenAlex DOI,100.0,https://openalex.org/W4391014981,10.1002/adma.202308912,Vera Kuznetsova; Áine Coogan; Dmitry Botov; Yulia Gromova; Elena V. Ushakova; Yurii K. Gun’ko,Advanced Materials and BioEngineering Research; City University of Hong Kong; Exelixis (United States); Harvard University; Neapolis University Pafos; Trinity College Dublin,CY; HK; IE; US,Fully independent,Verified,No source-author overlap found in a full OpenAlex/Crossref author list.,,Yes
E017,P01,Nanoplasmonic biosensors for environmental sustainability and human health,2024,Chemical Society Reviews,,https://pubs.rsc.org/cs/article-abstract/53/21/10491/804018,https://pubs.rsc.org/cs/article/53/21/10491/804018,"W Liu, K Chung, S Yu, LP Lee",Medium,Author metadata incomplete,Unresolved,Compact seed: full API author audit required.,Yes,OpenAlex title search,100.0,https://openalex.org/W4401963745,10.1039/d3cs00941f,Wenpeng Liu; Kyungwha Chung; Subin Yu; Luke P. Lee,"Brigham and Women's Hospital; Ewha Womans University; Harvard University; Sungkyunkwan University; University of California, Berkeley",KR; US,Fully independent,Verified,No source-author overlap found in a full OpenAlex/Crossref author list.,,Yes
E019,P01,A dual-mode transparent flexible pressure sensor array for tactile sensing visualization,2025,Chemical Engineering …,,https://www.sciencedirect.com/science/article/pii/S1385894725024404,,"C Fang, L Zhao, W Su, B Qin…",Medium,Author metadata incomplete,Unresolved,Compact seed: full API author audit required.,Yes,OpenAlex title search,100.0,https://openalex.org/W4408475671,10.1016/j.cej.2025.161618,Chenyu Fang; Leilei Zhao; Wanwan Su; Binyu Qin; Peter Poechmueller,Qingdao University; Shandong University,CN,Fully independent,Verified,No source-author overlap found in a full OpenAlex/Crossref author list.,,Yes
E020,P01,Anti‐motion artifacts iontronic sensor for long‐term accurate fingertip pulse monitoring,2025,Advanced …,10.1002/advs.202414425,https://advanced.onlinelibrary.wiley.com/doi/abs/10.1002/advs.202414425,https://advanced.onlinelibrary.wiley.com/doi/pdfdirect/10.1002/advs.202414425,"J You, M Lu, L Dazhen, M Gao, R Zhang…",Pending,Author metadata incomplete,Unresolved,Compact seed: full API author audit required.,Yes,OpenAlex DOI,100.0,https://openalex.org/W4407859199,10.1002/advs.202414425,Jia You; Mingyang Lu; Lamu Dazhen; Mengjie Gao; Ruiyan Zhang; Wendong Li; F. Lei; Wei Ren; Guangxian Li; Junlong Yang,Chengdu University; Ningxia University; Sichuan University,CN,Fully independent,Verified,No source-author overlap found in a full OpenAlex/Crossref author list.,,Yes
E021,P01,High-performance flexible capacitive pressure sensor based on a spiked nickel/polyimide composite nanofiber membrane,2025,ACS …,10.1021/acssensors.4c03495,https://pubs.acs.org/doi/abs/10.1021/acssensors.4c03495,,"L Xia, W Xiao, L Li, X Liu, Q Zhuang, Y Huang…",High,Author metadata incomplete,Unresolved,Compact seed: full API author audit required.,Yes,OpenAlex title search,100.0,https://openalex.org/W4407437095,10.1021/acssensors.4c03495,Luntao Xia; Wei Xiao; Luoxin Li; Xin Liu; Qibin Zhuang; Yong Huang; Tianhao Lan; Xiaohui Du; Yang Zhao; Dezhi Wu,Institute of Technology of Cambodia; Instrumentation Technology and Economy Institute; Xiamen University,CN; KH,Fully independent,Verified,No source-author overlap found in a full OpenAlex/Crossref author list.,,Yes
E022,P01,Underwater gesture recognition meta-gloves for marine immersive communication,2024,ACS …,10.1021/acsnano.3c13221,https://pubs.acs.org/doi/abs/10.1021/acsnano.3c13221,,"J Liu, L Wang, R Xu, X Zhang, J Zhao, H Liu, F Chen…",Low,Author metadata incomplete,Unresolved,Compact seed: full API author audit required.,Yes,OpenAlex DOI,100.0,https://openalex.org/W4394683440,10.1021/acsnano.3c13221,Jiaxu Liu; Lihong Wang; Ruidong Xu; Xinwei Zhang; Jisheng Zhao; Hong Liu; Fuxing Chen; Lijun Qu; Mingwei Tian,Medical Protective; Qingdao University,CN; US,Fully independent,Verified,No source-author overlap found in a full OpenAlex/Crossref author list.,,Yes
E024,P01,High‐resolution carbon‐based tactile sensor array for dynamic pulse imaging,2024,Advanced Functional …,10.1002/adfm.202406022,https://advanced.onlinelibrary.wiley.com/doi/abs/10.1002/adfm.202406022,,"X Tian, G Cheng, Z Wu, X Wen, Y Kong…",Medium,Author metadata incomplete,Unresolved,Compact seed: full API author audit required.,Yes,OpenAlex DOI,100.0,https://openalex.org/W4399490764,10.1002/adfm.202406022,Xin Tian; Guanyin Cheng; Zhonghuai Wu; Xudong Wen; Yongkang Kong; Long Pan; Fubang Zhao; Zhongxiang Li; Dong Zhang; Yonghe Hu; Dapeng Wei,Army Medical University; Beijing Institute of Technology; Chinese Academy of Medical Sciences & Peking Union Medical College; Chongqing Institute of Green and Intelligent Technology; Southwest Jiaotong University; Xiyuan Hospital,CN,Fully independent,Verified,No source-author overlap found in a full OpenAlex/Crossref author list.,,Yes
E025,P01,Deep learning-assisted piezoresistive pressure sensors with broad-range ultrasensitivity for wearable motion monitoring,2025,Nano Energy,,https://www.sciencedirect.com/science/article/pii/S2211285525003945,,"C Zhang, S Lang, M Tao, P Li, T Liang, X Zhao, X Gou…",Pending,Author metadata incomplete,Unresolved,Compact seed: full API author audit required.,Yes,OpenAlex title search,100.0,https://openalex.org/W4409827409,10.1016/j.nanoen.2025.111035,Chao Zhang; Shipan Lang; Meng Tao; Pei Li; Taotao Liang; Xiaodong Zhao; Xin Gou; Xinyuan Zhao; Shouze Xiong; Liqiang Zheng; Hanshen Xin; Hong Hu; L. Jay Guo; Jun Yang,Army Medical University; Chongqing Institute of Green and Intelligent Technology; Guizhou University; Shanghai Fudan Microelectronics (China); Southwest Hospital,CN,Fully independent,Verified,No source-author overlap found in a full OpenAlex/Crossref author list.,,Yes
E026,P01,"Bioinspired low hysteresis flexible pressure sensor using nanocomposites of multiwalled carbon nanotubes, silicone rubber, and carbon nanofiber for human …",2024,ACS Applied Nano …,10.1021/acsanm.4c02631,https://pubs.acs.org/doi/abs/10.1021/acsanm.4c02631,,"X Guo, T Liu, Y Tang, W Li, L Liu, D Wang…",Pending,Author metadata incomplete,Unresolved,Compact seed: full API author audit required.,Yes,OpenAlex DOI,97.9,https://openalex.org/W4400119999,10.1021/acsanm.4c02631,Xiaohui Guo; Tiancheng Liu; Yongming Tang; Wei Li; Long Liu; Di Wang; Di Wang; Yifan Zhang; Tianxu Zhang; Xiaowen Zhu; Yuxin Guan; Xianghui Li; Yinuo Chen; Xinyu Wu; Guangyu Xiao; Xinchen Wang; Renkai Zhang; Dandan Wang; Dandan Wang; Zhihong Mai; Weiqiang Hong; Qi Hong; Yunong Zhao; Yongjun Zhang; Ming Wang; Feng Yan; Guozhong Xing,Anhui University; Arizona State University; Chinese Academy of Sciences; Dalian University of Technology; Fudan University; Hangzhou Dianzi University; Institute of Microelectronics; Nanjing University of Posts and Telecommunications,CN; US,Fully independent,Verified,No source-author overlap found in a full OpenAlex/Crossref author list.,,Yes
E027,P01,Wearable multichannel-active pressurized pulse sensing platform,2024,Microsystems & …,,https://www.nature.com/articles/s41378-024-00703-7,https://www.nature.com/articles/s41378-024-00703-7,"Y Zhao, Q Sun, S Mei, L Gao, X Zhang…",High,Author metadata incomplete,Unresolved,Compact seed: full API author audit required.,Yes,OpenAlex title search,100.0,https://openalex.org/W4399552767,10.1038/s41378-024-00703-7,Yunlong Zhao; Qingxia Sun; Shixuan Mei; Libo Gao; Xikuan Zhang; Zekun Yang; Xueli Nan; Haiyan Zhang; Chenyang Xue; Junyang Li,China Academy of Space Technology; Institute of Modern Physics; Institute of Physics; North University of China; Ocean University of China; Shanxi University; Tan Kah Kee Innovation Laboratory; Xiamen University; Xiamen University of Technology,CN,Fully independent,Verified,No source-author overlap found in a full OpenAlex/Crossref author list.,,Yes
E028,P01,"Recent advancements in physiological, biochemical, and multimodal sensors based on flexible substrates: strategies, technologies, and integrations",2023,… applied materials & …,10.1021/acsami.3c02690,https://pubs.acs.org/doi/abs/10.1021/acsami.3c02690,https://drive.google.com/file/d/1R5iga-5a-T_BBUfmU61oTXwWairiLNyB/view,"T Liu, L Liu, G Gou, Z Fang, J Sun, J Chen…",Exclude,Author metadata incomplete,Unresolved,Compact seed: full API author audit required.,Yes,OpenAlex DOI,100.0,https://openalex.org/W4367048117,10.1021/acsami.3c02690,Tiezhu Liu; Lidan Liu; Guangyang Gou; Zhen Fang; Jianhai Sun; Jiamin Chen; Jianqun Cheng; Mengdi Han; Tianjun Ma; Chunxiu Liu; Ning Xue,Aerospace Information Research Institute; Chinese Academy of Medical Sciences & Peking Union Medical College; Chinese Academy of Sciences; Peking University; Quanzhou Normal University; State Key Laboratory of Transducer Technology; University of Chinese Academy of Sciences,CN,Coauthor-network citation,Probable,"Exact full-name overlap with source coauthor(s), but no shared persistent identifier: Chunxiu Liu; Guangyang Gou; Jiamin Chen; Jianhai Sun; Jianqun Cheng; Mengdi Han; Ning Xue; Tianjun Ma; Tiezhu Liu; Zhen Fang",Chunxiu Liu; Guangyang Gou; Jiamin Chen; Jianhai Sun; Jianqun Cheng; Mengdi Han; Ning Xue; Tianjun Ma; Tiezhu Liu; Zhen Fang,Yes
E029,P01,All‐Carbon Piezoresistive Sensor: Enhanced Sensitivity and Wide Linear Range via Multiscale Design for Wearable Applications,2025,Advanced Functional …,10.1002/adfm.202418706,https://advanced.onlinelibrary.wiley.com/doi/abs/10.1002/adfm.202418706,,"Q Xiang, G Zhao, T Tang, H Zhang, Z Liu…",Medium,Author metadata incomplete,Unresolved,Compact seed: full API author audit required.,Yes,OpenAlex DOI,100.0,https://openalex.org/W4404900146,10.1002/adfm.202418706,Qixuan Xiang; Guanjie Zhao; Tao Tang; Hao Zhang; Zhiyuan Liu; Xianglong Zhang; Yaping Zhao; Huijun Tan,Columbia University; Shanghai Institute of Organic Chemistry; Shanghai Jiao Tong University; University of Chinese Academy of Sciences,CN; US,Fully independent,Verified,No source-author overlap found in a full OpenAlex/Crossref author list.,,Yes
E030,P01,E-skin and its advanced applications in ubiquitous health monitoring,2024,Biomedicines,,https://www.mdpi.com/2227-9059/12/10/2307,https://www.mdpi.com/2227-9059/12/10/2307,"X Sun, X Guo, J Gao, J Wu, F Huang, JH Zhang…",High,Author metadata incomplete,Unresolved,Compact seed: full API author audit required.,Yes,OpenAlex title search,100.0,https://openalex.org/W4403338890,10.3390/biomedicines12102307,Xidi Sun; Xin Guo; J. Gao; Jing Wu; Fengchang Huang; Jia‐Han Zhang; Fuhua Huang; Xiao Lu; Yi Shi; Lijia Pan,Collaborative Innovation Center of Advanced Microstructures; Inner Mongolia University; Jiangsu Province Hospital; Nanjing Medical University; Nanjing University,CN,Fully independent,Verified,No source-author overlap found in a full OpenAlex/Crossref author list.,,Yes
E031,P01,An all‐in‐one wearable device integrating a solid‐state zinc‐ion battery and a capacitive pressure sensor for intelligent health monitoring,2024,Advanced Functional …,10.1002/adfm.202403788,https://advanced.onlinelibrary.wiley.com/doi/abs/10.1002/adfm.202403788,,"J Li, K Ma, B Qin, G Shen, C Zhang…",High,Author metadata incomplete,Unresolved,Compact seed: full API author audit required.,Yes,OpenAlex DOI,100.0,https://openalex.org/W4401400732,10.1002/adfm.202403788,Junxian Li; Ke Ma; Bolong Qin; Gengzhe Shen; Chi Zhang; Weijia Yang; Zijun Pan; Senrong Ye; Yue Xin; Xin He,Chinese Academy of Sciences; Jiangmen Polytechnic; Wuyi University; Zhuhai Institute of Advanced Technology,CN,Fully independent,Verified,No source-author overlap found in a full OpenAlex/Crossref author list.,,Yes
E032,P01,Flexible sensor‐based human–machine interfaces with AI integration for medical robotics,2026,Advanced Robotics …,10.1002/adrr.202500027,https://advanced.onlinelibrary.wiley.com/doi/abs/10.1002/adrr.202500027,https://advanced.onlinelibrary.wiley.com/doi/pdf/10.1002/adrr.202500027,"Y Wang, Z Jiang, SH Kwon, M Ibrahim…",Pending,Author metadata incomplete,Unresolved,Compact seed: full API author audit required.,Yes,OpenAlex title search below threshold; Crossref DOI fallback,69.7,,10.1002/adrr.202500027,Yuxiao Wang; Zhipeng Jiang; Sun Hwa Kwon; Matthew Ibrahim; Alexander Dang; Lin Dong,,,Fully independent,Verified,No source-author overlap found in a full OpenAlex/Crossref author list.,,Yes
E033,P01,"Flexible pressure sensing systems empowered by artificial intelligence: materials, devices and emerging applications",2026,Materials …,,https://pubs.rsc.org/mh/article-abstract/13/7/3178/897582,,"Z Hu, X Liu, X Cheng, Y Song, Z Jia, P Zhao, Z Lv…",Pending,Author metadata incomplete,Unresolved,Compact seed: full API author audit required.,Yes,OpenAlex title search,100.0,https://openalex.org/W7124653504,10.1039/d5mh02286j,Zhipeng Hu; Xinyi Liu; Xiyan Cheng; Yilin Song; Ziqi Jia; Pengfei Zhao; Ziyu Lv; Yongbiao Zhai; Loganathan Veeramuthu; Su-Ting Han; Vellaisamy A. L. Roy; Chi‐Ching Kuo; Ye Zhou,Hong Kong Polytechnic University; Hong Kong University of Science and Technology; Metropolitan University; Nanjing University of Posts and Telecommunications; National Taipei University of Technology; National Taiwan University; Northeastern University; Shenzhen University; University of Hong Kong,BD; CN; HK; TW; US,Fully independent,Verified,No source-author overlap found in a full OpenAlex/Crossref author list.,,Yes
E034,P01,Flexible ionic pressure sensors: From migration‐electronic mechanisms to emerging iontronic paradigms,2026,InfoMat,10.1002/inf2.70116,https://onlinelibrary.wiley.com/doi/abs/10.1002/inf2.70116,https://onlinelibrary.wiley.com/doi/full/10.1002/inf2.70116,"M Wang, Y Ma, J Liu, L Xu, L Wen, R Wu, Y Cheng…",Medium,Author metadata incomplete,Unresolved,Compact seed: full API author audit required.,Yes,OpenAlex DOI,100.0,https://openalex.org/W7124080696,10.1002/inf2.70116,Mengjie Wang; Yanan Ma; Jia Liu; Li Xu; Li Wen; Ranyun Wu; Yongfa Cheng; Liang Li; Siliang Wang; Yang Yue; Zhixiang Huang,Anhui University; Hefei Institutes of Physical Science; Hubei University of Automotive Technology; Northwestern University,CN; US,Fully independent,Verified,No source-author overlap found in a full OpenAlex/Crossref author list.,,Yes
E035,P01,Multi‐receptor skin with highly sensitive tele‐perception somatosensory flexible electronics in healthcare: Multimodal sensing and AI‐powered diagnostics,2025,Advanced Healthcare …,10.1002/adhm.202502901,https://advanced.onlinelibrary.wiley.com/doi/abs/10.1002/adhm.202502901,,"Y Guo, P Huo, S Huang, G Gou…",Exclude,Author metadata incomplete,Unresolved,Compact seed: full API author audit required.,Yes,OpenAlex DOI,100.0,https://openalex.org/W4412067102,10.1002/adhm.202502901,Yusen Guo; Pengyun Huo; Sisi Huang; Guangyang Gou; Qiliang Li,Aerospace Information Research Institute; Chinese Academy of Sciences; Peking University; State Key Laboratory of Transducer Technology,CN,Coauthor-network citation,Probable,"Exact full-name overlap with source coauthor(s), but no shared persistent identifier: Guangyang Gou; Yusen Guo",Guangyang Gou; Yusen Guo,Yes
E036,P01,Intelligent cardiovascular disease diagnosis system combined piezoelectric nanogenerator based on 2D Bi2O2Se with deep learning technique,2024,Nano Energy,,https://www.sciencedirect.com/science/article/pii/S2211285524006268,,"Y Sun, J Mao, L Cao, X Zheng, Q Meng, S Zhao…",Pending,Author metadata incomplete,Unresolved,Compact seed: full API author audit required.,Yes,OpenAlex title search,100.0,https://openalex.org/W4399631169,10.1016/j.nanoen.2024.109878,Yuanhu Sun; Junqi Mao; Liang Cao; Xianjie Zheng; Qingjiang Meng; Zhao Song; Zhongkun Wang; Yuanzheng Zhang; Daxiang Cui; Haiwu Zheng,First Affiliated Hospital of Henan University; Henan University,CN,Fully independent,Verified,No source-author overlap found in a full OpenAlex/Crossref author list.,,Yes
E037,P01,Advances in micro/nano-engineered flexible sensor arrays for intelligent human-machine interaction,2025,Soft Science,,https://www.oaepublish.com/articles/ss.2025.11,https://www.oaepublish.com/articles/ss.2025.11,"S Wang, X Chen, S Li, B Sun, X Chen, H Tian…",Medium,Author metadata incomplete,Unresolved,Compact seed: full API author audit required.,Yes,OpenAlex title search,100.0,https://openalex.org/W4411664979,10.20517/ss.2025.11,Shiyi Wang; Xiaoliang Chen; Sheng Li; Bai Sun; Xiao‐Ming Chen; Hongmiao Tian; Chunhui Wang; Xiangming Li; Jinyou Shao,Xi'an Jiaotong University,CN,Fully independent,Verified,No source-author overlap found in a full OpenAlex/Crossref author list.,,Yes
E038,P01,Wireless battery-free ultrathin lithium-niobate resonator as wearable and implantable electronics for continuous monitoring of mechanical vital signs,2025,Nature …,,https://www.nature.com/articles/s41467-025-67413-0,https://www.nature.com/articles/s41467-025-67413-0,"L Zhou, P Liu, J Liu, W Yuan, Z Wu, D Xu, B Hu…",High,Author metadata incomplete,Unresolved,Compact seed: full API author audit required.,Yes,OpenAlex title search,100.0,https://openalex.org/W4417277775,10.1038/s41467-025-67413-0,Lianjie Zhou; Pengchuan Liu; Junhan Liu; Wenlou Yuan; Zhongyuan Wu; Dian Xu; Bofan Hu; Yuting Shao; Yifei Lü; Ningge Huang; Jiahao Li; Zhongzheng Li; Faya Liang; Xiaojun Wu; Lichao Ma; Ming Wang; Zengfeng Di; Rui Li; Yanlong Bi; Fan Xu; Yongfeng Mei; Enming Song,Chinese Academy of Sciences; Dalian University of Technology; Fudan University; Nanjing University of Aeronautics and Astronautics; San’an Optoelectronics (China); Shanghai Institute of Microsystem and Information Technology; Tongji Hospital; Tongji University; Yiwu Science and Technology Research Institute,CN,Fully independent,Verified,No source-author overlap found in a full OpenAlex/Crossref author list.,,Yes
E039,P01,Gradient porous composite based capacitive pressure sensor with enhanced sensitivity and linear response,2025,Measurement,,https://www.sciencedirect.com/science/article/pii/S026322412501718X,,"L Chen, B Zheng, S Li, H Wu",Pending,Author metadata incomplete,Unresolved,Compact seed: full API author audit required.,Yes,OpenAlex title search,100.0,https://openalex.org/W4412702344,10.1016/j.measurement.2025.118359,Liting Chen; Bingying Zheng; Shuting Li; Haibin Wu,Fuzhou University,CN,Fully independent,Verified,No source-author overlap found in a full OpenAlex/Crossref author list.,,Yes
E040,P01,A cross-scale honeycomb architecture-based flexible piezoresistive sensor for multiscale pressure perception and fine-grained identification,2024,Materials Horizons,,https://pubs.rsc.org/mh/article-abstract/11/2/510/813686,https://pubs.rsc.org/mh/article/11/2/510/813686,"C Lu, Y Gao, X Chan, W Yu, H Wang, L Hu, L Li",Medium,Author metadata incomplete,Unresolved,Compact seed: full API author audit required.,Yes,OpenAlex title search,98.0,https://openalex.org/W4388552835,10.1039/d3mh01387a,Chenxi Lu; Yuan Gao; Xiaoao Chan; Wei Yu; Haifeng Wang; Liang Hu; Lingwei Li,Hangzhou Dianzi University; Northeastern University; Zhejiang University,CN,Fully independent,Verified,No source-author overlap found in a full OpenAlex/Crossref author list.,,Yes
E041,P01,Artificial intelligence-enabled novel atrial fibrillation diagnosis system using 3D pulse perception flexible pressure sensor array,2025,ACS …,10.1021/acssensors.4c02395,https://pubs.acs.org/doi/abs/10.1021/acssensors.4c02395,,"Y Cao, P Li, Y Zhu, Z Wang, N Tang, Z Li, B Cheng…",High,Author metadata incomplete,Unresolved,Compact seed: full API author audit required.,Yes,OpenAlex DOI,100.0,https://openalex.org/W4406106640,10.1021/acssensors.4c02395,Yujie Cao; Ping Li; Yirun Zhu; Zheng Wang; Nuo Tang; Zhibin Li; Bin Cheng; Fengxia Wang; Tao Chen; Lining Sun,Longhua Hospital Shanghai University of Traditional Chinese Medicine; Shanghai Jiao Tong University; Shanghai Sixth People's Hospital; Shanghai University of Medicine and Health Sciences; Shanghai University of Traditional Chinese Medicine; Soochow University,CN,Fully independent,Verified,No source-author overlap found in a full OpenAlex/Crossref author list.,,Yes
E042,P01,A rigid–soft hybrid paper-based flexible pressure sensor with an ultrawide working range and frequency bandwidth,2024,Journal of Materials …,,https://pubs.rsc.org/ta/article-abstract/12/23/13994/873364,https://pubs.rsc.org/ta/article/12/23/13994/873364,"C Wang, J Quan, L Liu, P Cao, K Ding, Y Ding…",Pending,Author metadata incomplete,Unresolved,Compact seed: full API author audit required.,Yes,OpenAlex title search,100.0,https://openalex.org/W4396738827,10.1039/d4ta01394h,Cong Wang; Jiamin Quan; Linpeng Liu; Peilin Cao; Kaiwen Ding; Yulong Ding; Xianshi Jia; Dejin Yan; Nai Lin; Ji’an Duan,Central South University,CN,Fully independent,Verified,No source-author overlap found in a full OpenAlex/Crossref author list.,,Yes
E043,P01,An E-skin for handwriting input at human-machine interface,2025,Chemical Engineering …,,https://www.sciencedirect.com/science/article/pii/S1385894724103701,,"H Xiang, Z Li, Z Bai, H Wu, G Liu, H Zhou…",High,Author metadata incomplete,Unresolved,Compact seed: full API author audit required.,Yes,OpenAlex title search,98.0,https://openalex.org/W4405695311,10.1016/j.cej.2024.158879,Huacui Xiang; Zhijian Li; Zhou Bai; Haiwei Wu; Guodong Liu; Guodong Liu; Hongwei Zhou; Hanbin Liu,Shaanxi University of Science and Technology; Xi'an Technological University,CN,Fully independent,Verified,No source-author overlap found in a full OpenAlex/Crossref author list.,,Yes
E044,P01,"Ultra-sensitive, broad-range flexible piezoresistive sensor via synergistic porous and step-like structures for human–computer interaction",2026,ACS Applied Materials &Interfaces,,https://pubs.acs.org/aamick/article-abstract/18/1/2434/5105439,,"S Li, J Li, B Wu, Y Xu",Medium,Author metadata incomplete,Unresolved,Compact seed: full API author audit required.,Yes,OpenAlex title search,98.0,https://openalex.org/W7117672400,10.1021/acsami.5c19862,Shuang Li; Jun Li; Biao Wu; Y Y Xu,Chinese Academy of Sciences; Institute of Semiconductors; Ministry of Industry and Information Technology; University of Chinese Academy of Sciences,CN,Fully independent,Verified,No source-author overlap found in a full OpenAlex/Crossref author list.,,Yes
E045,P01,Smart Driving Hardware Augmentation by Flexible Piezoresistive Sensor Matrices with Grafted‐on Anticreep Composites,2025,Advanced …,10.1002/advs.202408313,https://advanced.onlinelibrary.wiley.com/doi/abs/10.1002/advs.202408313,https://advanced.onlinelibrary.wiley.com/doi/pdfdirect/10.1002/advs.202408313,"K Chen, H Yang, A Wang, L Tang, X Zha…",High,Author metadata incomplete,Unresolved,Compact seed: full API author audit required.,Yes,OpenAlex DOI,100.0,https://openalex.org/W4404696462,10.1002/advs.202408313,Kaifeng Chen; Hua Yang; Ang Wang; Linsen Tang; Xin Zha; Ndeutala Selma Iita; Hong Zhang; Zhuoxuan Li; Xinyu Wang; Wei Yang; Shaoxing Qu; Zongrong Wang,Nanjing University of Aeronautics and Astronautics; Shandong University; Zhejiang University,CN,Fully independent,Verified,No source-author overlap found in a full OpenAlex/Crossref author list.,,Yes
E046,P01,Continuous Monitoring of Body Fluid by Flexible Bio‐Integrated Flow Sensors,2026,Advanced Materials,10.1002/adma.202523029,https://advanced.onlinelibrary.wiley.com/doi/abs/10.1002/adma.202523029,,"Z Ma, D Zhang, MFM Sabri, Y Jiang",Low,Author metadata incomplete,Unresolved,Compact seed: full API author audit required.,Yes,OpenAlex DOI,100.0,https://openalex.org/W7134976698,10.1002/adma.202523029,Zhiqiang Ma; Deyuan Zhang; Mohd Faizul Mohd Sabri; Yonggang Jiang,Beihang University; University of Malaya,CN; MY,Fully independent,Verified,No source-author overlap found in a full OpenAlex/Crossref author list.,,Yes
E047,P01,Flexible thermal array sensor for imperceptible monitoring of multidimensional vascular dynamics,2026,Science Advances,10.1126/sciadv.aea5803,https://www.science.org/doi/abs/10.1126/sciadv.aea5803,https://www.science.org/doi/pdf/10.1126/sciadv.aea5803,"S Tian, S Liu, R Zhu",High,Author metadata incomplete,Unresolved,Compact seed: full API author audit required.,Yes,OpenAlex DOI,100.0,https://openalex.org/W7124131329,10.1126/sciadv.aea5803,Shuo Tian; Shiqiang Liu; Rong Zhu,Tsinghua University,CN,Fully independent,Verified,No source-author overlap found in a full OpenAlex/Crossref author list.,,Yes
E048,P01,High-performance graphene flexible sensors for pulse monitoring and human–machine interaction,2024,… Applied Materials & …,10.1021/acsami.4c06546,https://pubs.acs.org/doi/abs/10.1021/acsami.4c06546,,"W Xiao, X Cai, A Jadoon, Y Zhou, Q Gou…",Pending,Author metadata incomplete,Unresolved,Compact seed: full API author audit required.,Yes,OpenAlex DOI,100.0,https://openalex.org/W4399601022,10.1021/acsami.4c06546,Weiqi Xiao; Xiaoming Cai; Aniqa Jadoon; Yan Zhou; Quan Gou; Junwen Tang; Xiaolong Ma; Wei‐Yao Wang; Jinming Cai,Kunming University of Science and Technology,CN,Fully independent,Verified,No source-author overlap found in a full OpenAlex/Crossref author list.,,Yes
E049,P01,Loofah Fiber Fabric‐Based Piezoresistive Pressure Sensor With Wide‐Linear‐Range High Sensitivity,2025,Small,10.1002/smll.202506521,https://onlinelibrary.wiley.com/doi/abs/10.1002/smll.202506521,,"C Lu, Y Shen, X Chan, S Yu, L Hu, L Li",Medium,Author metadata incomplete,Unresolved,Compact seed: full API author audit required.,Yes,OpenAlex DOI,100.0,https://openalex.org/W4412490490,10.1002/smll.202506521,Chenxi Lu; Yiming Shen; Xiaoao Chan; Senjiang Yu; Liang Hu; Lingwei Li,Hangzhou Dianzi University; Zhejiang University,CN,Fully independent,Verified,No source-author overlap found in a full OpenAlex/Crossref author list.,,Yes
E050,P01,Skin-inspired piezoresistive sensor based on hierarchical structures and lignocellulosic bioplastic electrodes with ultrahigh sensitivity,2025,ACS Applied Materials & …,10.1021/acsami.5c13759,https://pubs.acs.org/doi/abs/10.1021/acsami.5c13759,,"W Chen, J Ma, B Li, L Feng, X Ji…",High,Author metadata incomplete,Unresolved,Compact seed: full API author audit required.,Yes,OpenAlex DOI,100.0,https://openalex.org/W4416375072,10.1021/acsami.5c13759,Wei Chen; Jing Ma; Bin Li; Lianxiang Feng; Xingxiang Ji; Nan Li,China National Chemical Corporation (China); Chinese Academy of Sciences; Knowledge Integration (United Kingdom); Qilu University of Technology; Qingdao Institute of Bioenergy and Bioprocess Technology; Qufu Normal University; Shandong Academy of Sciences; Sun Chemical (United States),CN; GB; US,Fully independent,Verified,No source-author overlap found in a full OpenAlex/Crossref author list.,,Yes
E051,P01,Recent progress on flexible tactile sensors: From microstructural design to intelligent sensing applications,2025,Materials Today Physics,,https://www.sciencedirect.com/science/article/pii/S254252932500149X,,"T Li, LF Liu, D Zhang, XG Tang, QJ Sun",Exclude,Author metadata incomplete,Unresolved,Compact seed: full API author audit required.,Yes,OpenAlex title search,100.0,https://openalex.org/W4412436397,10.1016/j.mtphys.2025.101793,Tong Li; Ling-Feng Liu; Dan Zhang; Xin-Gui Tang; Qi‐Jun Sun,Guangdong University of Technology,CN,Coauthor-network citation,Probable,"Exact full-name overlap with source coauthor(s), but no shared persistent identifier: Tong Li",Tong Li,Yes
E052,P01,Differential-deformation structured pressure sensor for stable measurement of superficial temporal artery pulse,2025,Nano Energy,,https://www.sciencedirect.com/science/article/pii/S2211285525000370,,"X Wang, J Li, K Meng, H Luo, F Ran, Y Wu, K Wei…",Pending,Author metadata incomplete,Unresolved,Compact seed: full API author audit required.,Yes,OpenAlex title search,100.0,https://openalex.org/W4406570289,10.1016/j.nanoen.2025.110678,Xue Wang; Jingjing Li; Keyu Meng; Haijun Luo; Feihong Ran; Yufen Wu; Wei Ke; Jin Yang,Changchun University; Chongqing Medical University; Chongqing Normal University; Chongqing University; Jilin University; The Affiliated Yongchuan Hospital of Chongqing Medical University,CN,Fully independent,Verified,No source-author overlap found in a full OpenAlex/Crossref author list.,,Yes
E053,P01,Scale production of a stretchable fiber triboelectric nanogenerator in customizable textile for human motion recognition,2024,… Applied Materials & …,,https://pubs.acs.org/aamick/article-abstract/16/47/65348/140910,,"Y Zu, S Xu, P Sun, C Wang, Q Hu, H Jia…",Low,Author metadata incomplete,Unresolved,Compact seed: full API author audit required.,Yes,OpenAlex title search,100.0,https://openalex.org/W4404414546,10.1021/acsami.4c15137,Yifan Zu; Shuai Xu; Pengfei Sun; Chenlong Wang; Qiaole Hu; Hao Jia; Na Cheng; Lianmei Liu; Yanyan Sun; Wenqi Nie,Anhui Polytechnic University; Jiangnan University; Jiaxing University; Shinshu University,CN; JP,Fully independent,Verified,No source-author overlap found in a full OpenAlex/Crossref author list.,,Yes
E054,P01,Bio-inspired flexible optical microfiber sensor with nanohemisphere array microstructure for ultra-sensitive detection of skin signals,2024,Measurement,,https://www.sciencedirect.com/science/article/pii/S0263224124007590,,"P Dai, Z Cong, Y Sun, W Yan, P Chen, X Wang…",Pending,Author metadata incomplete,Unresolved,Compact seed: full API author audit required.,Yes,OpenAlex title search,100.0,https://openalex.org/W4396733002,10.1016/j.measurement.2024.114874,Penghui Dai; Zhicheng Cong; Yu Sun; Wendi Yan; Peng Chen; Xiufang Wang; Chunlei Jiang,Northeast Petroleum University,CN,Fully independent,Verified,No source-author overlap found in a full OpenAlex/Crossref author list.,,Yes
E055,P01,Strain-insensitive iontronic tactile sensor with rigid–soft hybrid architecture for cardiovascular assessment,2026,ACS …,,https://pubs.acs.org/ascefj/article/11/1/550/5105262,,"W Li, Y Fan, C Liu, H Kong, M Liu, S Liu, X Li, L Niu…",Pending,Author metadata incomplete,Unresolved,Compact seed: full API author audit required.,Yes,OpenAlex title search,98.0,https://openalex.org/W4416585930,10.1021/acssensors.5c03297,Weiyan Li; Yiyun Fan; Cuiyu Liu; Huijun Kong; Meixi Liu; Shengjie Liu; Xiangqing Li; Li Niu; Zhongqian Song,Academy of Medical Sciences; Artificial Intelligence in Medicine (Canada); Shandong First Medical University; Sun Yat-sen University,CA; CN; GB,Fully independent,Verified,No source-author overlap found in a full OpenAlex/Crossref author list.,,Yes
E056,P01,Nanoengineering ultrathin flexible pressure sensors with superior sensitivity and wide range via nanocomposite structures,2024,ACS sensors,10.1021/acssensors.4c01171,https://pubs.acs.org/doi/abs/10.1021/acssensors.4c01171,,"Y Zhu, X Hu, X Yan, W Ni, M Wu, J Liu",Medium,Author metadata incomplete,Unresolved,Compact seed: full API author audit required.,Yes,OpenAlex DOI,100.0,https://openalex.org/W4400355577,10.1021/acssensors.4c01171,Yike Zhu; X Hu; Xinran Yan; Weiyao Ni; Mengxi Wu; Junshan Liu,Dalian University of Technology,CN,Fully independent,Verified,No source-author overlap found in a full OpenAlex/Crossref author list.,,Yes
E057,P01,A proprioceptive Janus fiber with controllable multistage segments for bionic soft robots,2024,ACS …,10.1021/acsnano.4c10117,https://pubs.acs.org/doi/abs/10.1021/acsnano.4c10117,,"H Zhu, T Li, L Fu, J Bai, S Li, Y Bai, S Deng, S Yuan…",Pending,Author metadata incomplete,Unresolved,Compact seed: full API author audit required.,Yes,OpenAlex DOI,100.0,https://openalex.org/W4404076609,10.1021/acsnano.4c10117,Hao Zhu; Tie Li; Lei Fu; Ju Bai; Shengzhao Li; Yuanyuan Bai; Shihao Deng; Shen Yuan; Qianzuo Liu; Yunping Ma; Peng Lu; Jingyi Xu; Nan Ma; Guanggui Cheng; Jianning Ding; Ting Zhang,Chinese Academy of Sciences; Jiangsu University; Suzhou Institute of Nano-tech and Nano-bionics,CN,Fully independent,Verified,No source-author overlap found in a full OpenAlex/Crossref author list.,,Yes
E059,P01,"Piezoresistive pressure sensors in pulse waveform monitoring: A review of biomechanics, related technologies, and machine learning perspectives",2025,Sensors and Actuators A …,,https://www.sciencedirect.com/science/article/pii/S0924424725011355,,"B Jafarizadeh, AH Chowdhury, R Haque…",Medium,Author metadata incomplete,Unresolved,Compact seed: full API author audit required.,Yes,OpenAlex title search,100.0,https://openalex.org/W4416758944,10.1016/j.sna.2025.117329,Borzooye Jafarizadeh; Azmal Huda Chowdhury; Rafita Haque; Yuelin Wang; Nezih Pala; Chunlei Wang,Florida International University; University of Miami,US,Fully independent,Verified,No source-author overlap found in a full OpenAlex/Crossref author list.,,Yes
E060,P01,Synergetic Monitoring of both Physiological Pressure and Epidermal Biopotential Based on a Simplified on‐Skin‐Printed Sensor Modality,2023,Small,10.1002/smll.202303301,https://onlinelibrary.wiley.com/doi/abs/10.1002/smll.202303301,,"Y Song, W Ren, Y Zhang, Q Liu, Z Peng, X Wu, Z Wang",Medium,Author metadata incomplete,Unresolved,Compact seed: full API author audit required.,Yes,OpenAlex DOI,100.0,https://openalex.org/W4383682828,10.1002/smll.202303301,Yangyang Song; Wenjuan Ren; Yiqun Zhang; Qi Liu; Zhen Peng; Xiaodong Wu; Zhuqing Wang,Sichuan University; West China Hospital of Sichuan University,CN,Fully independent,Verified,No source-author overlap found in a full OpenAlex/Crossref author list.,,Yes
E061,P01,"Smart flexible tactile sensors: recent progress in device designs, intelligent algorithms, and multidisciplinary applications",2025,Advanced Intelligent …,10.1002/aidi.202500112,https://advanced.onlinelibrary.wiley.com/doi/abs/10.1002/aidi.202500112,https://advanced.onlinelibrary.wiley.com/doi/pdf/10.1002/aidi.202500112,"S Wang, M Dong, R Bao, C Pan",Medium,Author metadata incomplete,Unresolved,Compact seed: full API author audit required.,Yes,OpenAlex DOI,100.0,https://openalex.org/W4415386721,10.1002/aidi.202500112,Siyuan Wang; Ming Dong; Rongrong Bao; Caofeng Pan,Beihang University; Beijing University of Posts and Telecommunications; China Telecom (China),CN,Fully independent,Verified,No source-author overlap found in a full OpenAlex/Crossref author list.,,Yes
E062,P01,Leather-based shoe soles for real-time gait recognition and automatic remote assistance using machine learning,2024,… Applied Materials & …,10.1021/acsami.4c16505,https://pubs.acs.org/doi/abs/10.1021/acsami.4c16505,,"P Zhang, X Zhang, M Teng, L Li, X Liu…",Pending,Author metadata incomplete,Unresolved,Compact seed: full API author audit required.,Yes,OpenAlex DOI,100.0,https://openalex.org/W4403970644,10.1021/acsami.4c16505,Peng Zhang; Xiaomeng Zhang; Ming Teng; Liuying Li; Xudan Liu; Jianyan Feng; Wenjing Wang; Xuechuan Wang; Xiaomin Luo,Shaanxi University of Science and Technology,CN,Fully independent,Verified,No source-author overlap found in a full OpenAlex/Crossref author list.,,Yes
E063,P01,Fully printed minimum port flexible interdigital electrode sensor arrays,2024,Nanoscale,,https://pubs.rsc.org/nr/article-abstract/16/15/7427/819032,https://pubs.rsc.org/nr/article/16/15/7427/819032,"Y Teng, X Wang, Z Zhang, S Mei, X Nan, Y Zhao…",Pending,Author metadata incomplete,Unresolved,Compact seed: full API author audit required.,Yes,OpenAlex title search,100.0,https://openalex.org/W4393205725,10.1039/d3nr06664a,Yanyue Teng; Xin Wang; Zhidong Zhang; Shixuan Mei; Xueli Nan; Yunlong Zhao; Xikuan Zhang; Chenyang Xue; Libo Gao; Junyang Li,North University of China; Ocean University of China; Shanxi University; Xiamen University of Technology,CN,Fully independent,Verified,No source-author overlap found in a full OpenAlex/Crossref author list.,,Yes
E064,P01,"Soluble polyimides containing benzocyclobutene moieties: Synthesis, cross-linking behavior, and physical and gas transport properties",2024,…,10.1021/acs.macromol.4c00057,https://pubs.acs.org/doi/abs/10.1021/acs.macromol.4c00057,,"K Geng, T Xue, X Li, H Sang, S Feng, C Wang…",Low,Author metadata incomplete,Unresolved,Compact seed: full API author audit required.,Yes,OpenAlex DOI,100.0,https://openalex.org/W4396814947,10.1021/acs.macromol.4c00057,Kai Geng; Tengyao Xue; Xiaodan Li; Haoqi Sang; Shichao Feng; Chenyi Wang; Hanli Wang; Yongbing Zhuang,Changzhou University; Chongqing Technology and Business University; Institute of Process Engineering; University of Chinese Academy of Sciences,CN,Fully independent,Verified,No source-author overlap found in a full OpenAlex/Crossref author list.,,Yes
E065,P01,Self‐Powered Multi‐Functional Sensor System Based on Pomegranate‐Inspired Composites for Advanced Cardiovascular Disease Prediction and Diagnosis within …,2025,Advanced Functional …,10.1002/adfm.202505543,https://advanced.onlinelibrary.wiley.com/doi/abs/10.1002/adfm.202505543,,"Y Zhao, Q Jia, Y Zhang, X Zhang, L Li…",High,Author metadata incomplete,Unresolved,Compact seed: full API author audit required.,Yes,OpenAlex DOI,100.0,https://openalex.org/W4411570774,10.1002/adfm.202505543,Youwei Zhao; Qingzheng Jia; Yuxuan Zhang; Yuxuan Zhang; Xinyuan Zhang; Ling Li; Yucang Zhang; Yucang Zhang; Wenming Zhang,Hebei University; Jimei University,CN,Fully independent,Verified,No source-author overlap found in a full OpenAlex/Crossref author list.,,Yes
E066,P01,A Temperature-Pressure Dual-Mode Flexible Patch Sensor with Temperature Compensation and Pressure Decoupling Functions for Pulse Detection and Recognition,2026,ACS …,10.1021/acssensors.5c04432,https://pubs.acs.org/doi/abs/10.1021/acssensors.5c04432,,"Y Ma, W Zhao, R Yan, X Duan, H Cheng, J Zhang…",High,Author metadata incomplete,Unresolved,Compact seed: full API author audit required.,Yes,OpenAlex DOI,100.0,https://openalex.org/W7147028744,10.1021/acssensors.5c04432,Yuechao Ma; Wenjie Zhao; Ruitian Yan; Xiaoyang Duan; Haonan Cheng; Jialin Zhang; Hongquan Guo; Yang Xiao; Dongmeng Su; Yinsheng Chen; Genqi Xu; Minghua Chen,Electronic Control and Measurement (Czechia); Harbin University of Science and Technology,CN; CZ,Fully independent,Verified,No source-author overlap found in a full OpenAlex/Crossref author list.,,Yes
E067,P01,Single channel tactile sensor array for detection of pressure and position with two electrodes,2025,Chemical Engineering Journal,,https://www.sciencedirect.com/science/article/pii/S1385894725072924,https://papers.ssrn.com/sol3/Delivery.cfm?abstractid=5240877,"J Xing, T Yuan, S Yang, C Li, Z Fan, L Pan",Low,Author metadata incomplete,Unresolved,Compact seed: full API author audit required.,Yes,OpenAlex title search,100.0,https://openalex.org/W4412818157,10.1016/j.cej.2025.166454,Jingwen Xing; Tingkang Yuan; Shenqi Yang; Chengwei Li; Zeng Fan; Lujun Pan,Dalian University of Technology; Northeast Agricultural University,CN,Fully independent,Verified,No source-author overlap found in a full OpenAlex/Crossref author list.,,Yes
E068,P01,Research and Commercialization Progress of Wearable Multiphysiological Parameter Sensors,2026,Advanced Materials …,10.1002/admt.202502287,https://advanced.onlinelibrary.wiley.com/doi/abs/10.1002/admt.202502287,,"P Zhu, Y Liu, H Zheng, B Shi",High,Author metadata incomplete,Unresolved,Compact seed: full API author audit required.,Yes,OpenAlex DOI,100.0,https://openalex.org/W7130939389,10.1002/admt.202502287,Pengrui Zhu; Yifan Liu; Hongju Zheng; Bojing Shi,Beihang University,CN,Fully independent,Verified,No source-author overlap found in a full OpenAlex/Crossref author list.,,Yes
E069,P01,Geometrically asymmetric pressure sensor with precious few electrodes achieves precise detection of both position and strength by machine learning,2024,Chemical Engineering Journal,,https://www.sciencedirect.com/science/article/pii/S1385894724070815,,"T Yuan, R Yin, C Li, Z Fan, L Pan",High,Author metadata incomplete,Unresolved,Compact seed: full API author audit required.,Yes,OpenAlex title search,100.0,https://openalex.org/W4402338814,10.1016/j.cej.2024.155590,Tingkang Yuan; Ruilin Yin; Chengwei Li; Zeng Fan; Lujun Pan,Dalian University of Technology; Northeast Agricultural University,CN,Fully independent,Verified,No source-author overlap found in a full OpenAlex/Crossref author list.,,Yes
E070,P01,All-in-one leather-based flexible capacitive pressure sensor for human monitoring and wearable comfort,2026,Advanced Fiber …,10.1007/s42765-025-00670-2,https://link.springer.com/article/10.1007/s42765-025-00670-2,,"K Chen, B Lyu, D Gao, Z Yi, Y Wang, C Zheng…",Pending,Author metadata incomplete,Unresolved,Compact seed: full API author audit required.,Yes,OpenAlex DOI,100.0,https://openalex.org/W7131119591,10.1007/s42765-025-00670-2,Ken Chen; Bin Lyu; Dangge Gao; Zhihui Yi; Y.X. Wang; Chi Zheng; Yingying Zhou,Shaanxi University of Science and Technology; Xi’an University,CN,Fully independent,Verified,No source-author overlap found in a full OpenAlex/Crossref author list.,,Yes
E071,P01,High-Performance Flexible Piezoresistive Sensor with Egg-Carton-Like Surface Microstructure for Health Monitoring,2025,ACS Applied Electronic …,10.1021/acsaelm.5c00221,https://pubs.acs.org/doi/abs/10.1021/acsaelm.5c00221,,"C Yu, F Lv, B Liu, Z Hong, Y Wu, J Li…",Pending,Author metadata incomplete,Unresolved,Compact seed: full API author audit required.,Yes,OpenAlex DOI,100.0,https://openalex.org/W4408836909,10.1021/acsaelm.5c00221,Chun-Shu Yu; Fu Lv; Bing Liu; Zijian Hong; Yong Jun Wu; Juan Li; Yu Huang,Energy Storage Systems (United States); Hangzhou Dianzi University; Interface (United Kingdom); Taizhou University; Zhejiang University; Zhejiang University of Technology,CN; GB; US,Fully independent,Verified,No source-author overlap found in a full OpenAlex/Crossref author list.,,Yes
E072,P01,Highly stretchable serpentine-shaped strain sensor based on 3-D printing for gestures recognition,2024,IEEE Transactions on …,,https://ieeexplore.ieee.org/abstract/document/10739361/,,"P Zhang, C Guo, L Huang, Y Li…",Low,Author metadata incomplete,Unresolved,Compact seed: full API author audit required.,Yes,OpenAlex title search,100.0,https://openalex.org/W4403919817,10.1109/tim.2024.3488139,Peng Zhang; Changbo Guo; Liangsong Huang; Yuxia Li; Kun Zhang; Yu Zhang,Shandong University of Science and Technology,CN,Fully independent,Verified,No source-author overlap found in a full OpenAlex/Crossref author list.,,Yes
E073,P01,A review of epidermal flexible pressure sensing arrays,2023,Biosensors,,https://www.mdpi.com/2079-6374/13/6/656,https://www.mdpi.com/2079-6374/13/6/656,"X Nan, Z Xu, X Cao, J Hao, X Wang, Q Duan, G Wu…",Pending,Author metadata incomplete,Unresolved,Compact seed: full API author audit required.,Yes,OpenAlex title search,100.0,https://openalex.org/W4380988441,10.3390/bios13060656,Xueli Nan; Zhikuan Xu; Xinxin Cao; Jinjin Hao; Xin Wang; Qikai Duan; Guirong Wu; Liangwei Hu; Yunlong Zhao; Zekun Yang; Libo Gao,North University of China; Shanghai Jiao Tong University; Shanxi University; Tan Kah Kee Innovation Laboratory; Xiamen University; Xiamen University of Technology,CN,Fully independent,Verified,No source-author overlap found in a full OpenAlex/Crossref author list.,,Yes
E074,P01,Synergistic fusion of mechanotransduction and power supplying functions towards highly compact and fully self-powered smart wearables,2025,Nano Energy,,https://www.sciencedirect.com/science/article/pii/S221128552401276X,,"Y Song, Y Zhang, S Lin, Z Long, S Chen, H Tan…",Pending,Author metadata incomplete,Unresolved,Compact seed: full API author audit required.,Yes,OpenAlex title search,98.0,https://openalex.org/W4404769880,10.1016/j.nanoen.2024.110524,Yangyang Song; Yiqun Zhang; Sijian Lin; Zhiming Long; Sitong Chen; Haoyu Tan; Zhuqing Wang; Xiaodong Wu,Sichuan University; West China Hospital of Sichuan University; West China Medical Center of Sichuan University,CN,Fully independent,Verified,No source-author overlap found in a full OpenAlex/Crossref author list.,,Yes
E075,P01,A self-cleaning intraoral flex-occlusometer based on superhydrophobic capacitive sensors for dental health monitoring,2024,Journal of Materials …,,https://pubs.rsc.org/ta/article-abstract/12/29/18423/874037,https://pubs.rsc.org/ta/article/12/29/18423/874037,"X Sun, Z Dai, Z Zhang, X Fan, Z Fu, H Zhu…",Pending,Author metadata incomplete,Unresolved,Compact seed: full API author audit required.,Yes,OpenAlex title search,100.0,https://openalex.org/W4400049475,10.1039/d4ta03517h,Xin Sun; Ziyi Dai; Zijie Zhang; Xiaoli Fan; Zhiwei Fu; He Zhu; Rong Cai; Kai Qian,Shandong University,CN,Fully independent,Verified,No source-author overlap found in a full OpenAlex/Crossref author list.,,Yes
E076,P01,Advanced intelligent E-Skin: Multimodal sensing to AI-Driven clinical monitoring,2026,Materials Today,,https://www.sciencedirect.com/science/article/pii/S136970212600057X,,"Z Yu, J Feng, W Dou, X Ge, D He, M Zhang, H Wang…",Medium,Author metadata incomplete,Unresolved,Compact seed: full API author audit required.,Yes,OpenAlex title search,100.0,https://openalex.org/W7128093729,10.1016/j.mattod.2026.103211,Zhenbo Yu; Jian Feng; Weiyuan Dou; Xiangmei Ge; Dixin He; Meng Zhang; Hanchi Wang; Yanmin Zhou,Jilin University,CN,Fully independent,Verified,No source-author overlap found in a full OpenAlex/Crossref author list.,,Yes
E077,P01,All-in-one multifunctional and deformation-insensitive carbon nanotube nerve patches enabling on-demand interactions,2024,Nano Energy,,https://www.sciencedirect.com/science/article/pii/S2211285523009412,,"C Zhang, M Wei, Z Chen, W Lin, S Yu, Y Xu, C Wei…",Low,Author metadata incomplete,Unresolved,Compact seed: full API author audit required.,Yes,OpenAlex title search,98.0,https://openalex.org/W4388806410,10.1016/j.nanoen.2023.109104,Cuirong Zhang; Ming‐Yuan Wei; Zihan Chen; Wansheng Lin; Shifan Yu; Shifan Yu; Chao Wei; Jinwei Zhang; Ziquan Guo; Yuanjin Zheng; Qingliang Liao; Qingliang Liao; Zhong Chen,Nanyang Technological University; University of Science and Technology Beijing; Xiamen University; Xiamen University of Technology,CN; SG,Fully independent,Verified,No source-author overlap found in a full OpenAlex/Crossref author list.,,Yes
E078,P01,Flexible piezoresistive sensors based on PPy particles encapsulating natural flat silkworm cocoons,2025,Langmuir,10.1021/acs.langmuir.5c04791,https://pubs.acs.org/doi/abs/10.1021/acs.langmuir.5c04791,,"S Wang, Y Wang, Y Yang, J Luo, S Li, J Liu, Y Ma…",Low,Author metadata incomplete,Unresolved,Compact seed: full API author audit required.,Yes,OpenAlex DOI,100.0,https://openalex.org/W4417305256,10.1021/acs.langmuir.5c04791,Shengnan Wang; Shengnan Wang; Yujia Wang; Yanling Yang; Jielong Luo; Songlin Li; Jiaqi Liu; Yan Ma; Shu Wang; Shu Wang; Zhi Li,Ministry of Agriculture and Rural Affairs; Research Institute of Resource Insects; Southwest University; Textile Research Institute,CN; US,Fully independent,Verified,No source-author overlap found in a full OpenAlex/Crossref author list.,,Yes
E079,P01,Recent advances of flexible pressure sensors: a review,2025,IEEE Sensors …,,https://ieeexplore.ieee.org/abstract/document/11202384/,,"Y Zheng, Y Xiao, H Zhou, H Nong, C Zhang…",Medium,Author metadata incomplete,Unresolved,Compact seed: full API author audit required.,Yes,OpenAlex title search,100.0,https://openalex.org/W4415178494,10.1109/jsen.2025.3618897,Yumeng Zheng; Yang Xiao; H. Zhou; Hengchang Nong; Chao Zhang; Xinyu Yang; Jinlong Lu; Jie Li; QingQuan Liang; Ruiyun Tang; Xin Chen; Tao Li; Yang Yu; Zhenrong Zhang,Guangxi University; National University of Defense Technology; Shanxi University of Finance and Economics,CN,Fully independent,Verified,No source-author overlap found in a full OpenAlex/Crossref author list.,,Yes
E080,P01,Room-temperature dynamic and creep-resistant covalent adaptive networks via phase-locked benzimidazole urea bonds: toward recyclable elastomers for wearable …,2024,… Sustainable Chemistry & …,,https://pubs.acs.org/ascecg/article-abstract/12/1/512/142297,,"M Xie, X Wang, J Lai, X Lu, Z Wang…",Medium,Author metadata incomplete,Unresolved,Compact seed: full API author audit required.,Yes,OpenAlex title search,98.0,https://openalex.org/W4390192266,10.1021/acssuschemeng.3c06481,Miao Xie; Xiaorong Wang; Jialiang Lai; Xili Lu; Zhanhua Wang; Hesheng Xia,Liaoning Shihua University; Sichuan University,CN,Fully independent,Verified,No source-author overlap found in a full OpenAlex/Crossref author list.,,Yes
E081,P01,Pressure and temperature dual-parameter sensor based on natural wood for portable health-monitoring devices,2023,ACS Sustainable …,10.1021/acssuschemeng.3c04237,https://pubs.acs.org/doi/abs/10.1021/acssuschemeng.3c04237,,"H Zhang, Q Zhang, J Liang, B Li, J Zang…",High,Author metadata incomplete,Unresolved,Compact seed: full API author audit required.,Yes,OpenAlex DOI,100.0,https://openalex.org/W4388125593,10.1021/acssuschemeng.3c04237,Huinan Zhang; Qingchao Zhang; Jie Liang; Bo Li; Junbin Zang; Xiyuan Cao; Libo Gao; Zhidong Zhang; Xiao‐Yong Miao; Chenyang Xue,Fudan University; North University of China; State Key Laboratory of ASIC and System; Xiamen University of Technology,CN,Fully independent,Verified,No source-author overlap found in a full OpenAlex/Crossref author list.,,Yes
E082,P01,"Ultra‐Sensitive, Ultra‐Linear, Temperature‐Robust Yarn Sensor for Intelligent Monitoring Under Harsh Thermal Condition",2026,Advanced Functional …,10.1002/adfm.77096,https://advanced.onlinelibrary.wiley.com/doi/abs/10.1002/adfm.77096,,"W Fan, B Yu, J Li, Y Chen, P Li, W Fan…",Pending,Author metadata incomplete,Unresolved,Compact seed: full API author audit required.,Yes,OpenAlex DOI,100.0,https://openalex.org/W7170202554,10.1002/adfm.77096,Wenjing Fan; Bo Yu; Jiajun Li; Yuqi Chen; P L Li; Wei Fan; Wentao Wang; Xinqing Wang; Keyu Meng; Jun Yang,Changchun University; China Jiliang University; Chongqing Institute of Green and Intelligent Technology,CN,Fully independent,Verified,No source-author overlap found in a full OpenAlex/Crossref author list.,,Yes
E083,P01,Laser-induced graphene for multifunctional and intelligent wearable systems: For health care and human–computer interaction,2023,Applied Sciences,,https://www.mdpi.com/2076-3417/13/8/4688,https://www.mdpi.com/2076-3417/13/8/4688,"TR Cui, D Li, T Hirtz, WC Shao, ZB Zhou, SR Ji, X Li…",Medium,Author metadata incomplete,Unresolved,Compact seed: full API author audit required.,Yes,OpenAlex title search,100.0,https://openalex.org/W4362733379,10.3390/app13084688,Tianrui Cui; Ding Li; Thomas Hirtz; Wancheng Shao; Zi-Bo Zhou; Shourui Ji; Xin Li; Jiandong Xu; Jinming Jian; Zhikang Chen; Ze-Yi Tang; Zigan Xu; Kai-Yin Liu; Houfang Liu; Yi Yang; Tian‐Ling Ren,Tsinghua University,CN,Fully independent,Verified,No source-author overlap found in a full OpenAlex/Crossref author list.,,Yes
E084,P01,Flexible sphere elastomer structural pressure sensor for non-invasive pulse wave monitoring,2024,ACS Applied …,,https://pubs.acs.org/aaembp/article-abstract/6/9/6665/349991,,"W Zhang, M Zou, Y Wang, X Wang, H Zhu…",High,Author metadata incomplete,Unresolved,Compact seed: full API author audit required.,Yes,OpenAlex title search,100.0,https://openalex.org/W4402484227,10.1021/acsaelm.4c01090,Wei Zhang; Mingjun Zou; Yiming Wang; Xiaoke Wang; He Zhu; Hu Junfeng; Yanpeng Lu; Zhiming Lin,China Electronics Technology Group Corporation; Southwest University,CN,Fully independent,Verified,No source-author overlap found in a full OpenAlex/Crossref author list.,,Yes
E085,P01,Piezo-ionic materials and structures for complex shear field monitoring,2025,… Applied Materials & …,,https://pubs.acs.org/aamick/article-abstract/17/28/41350/3638314,https://pubs.acs.org/aamick/article/17/28/41350/3638314,"D Kang, J Kim, S Gonzalez Munoz, J Jeon…",Pending,Author metadata incomplete,Unresolved,Compact seed: full API author audit required.,Yes,OpenAlex title search,100.0,https://openalex.org/W4412066446,10.1021/acsami.5c10061,Donghee Kang; Jinyoung Kim; Sergio Gonzalez Munoz; Jisoo Jeon; Sehyun Park; Vladimir V. Tsukruk,Georgia Institute of Technology,US,Fully independent,Verified,No source-author overlap found in a full OpenAlex/Crossref author list.,,Yes
E086,P01,A wearable device based on the ionic liquid decorated sponge-like ultraviolet-curable resin for recognizing human mental health conditions,2023,Nano Energy,,https://www.sciencedirect.com/science/article/pii/S2211285523008765,https://papers.ssrn.com/sol3/Delivery.cfm?abstractid=4570207,"F Yin, N Hongsen, YK Shin, Y Li, ES Kim, NY Kim",High,Author metadata incomplete,Unresolved,Compact seed: full API author audit required.,Yes,OpenAlex title search,100.0,https://openalex.org/W4388161337,10.1016/j.nanoen.2023.109039,Feifei Yin; Niu Hongsen; Young Kee Shin; Yang Li; Eun‐Seong Kim; Nam‐Young Kim,Kwangwoon University; Seoul National University; University of Jinan,CN; KR,Fully independent,Verified,No source-author overlap found in a full OpenAlex/Crossref author list.,,Yes
E087,P01,"Application of sensing devices in the detection of oral, pulmonary, and gastrointestinal diseases",2024,Chemosensors,,https://www.mdpi.com/2227-9040/12/4/57,https://www.mdpi.com/2227-9040/12/4/57,"W Yu, S Mou, X Zhang, J Sun, Y Xue, H Xiong, KJ Hsia…",Pending,Author metadata incomplete,Unresolved,Compact seed: full API author audit required.,Yes,OpenAlex title search,100.0,https://openalex.org/W4394580888,10.3390/chemosensors12040057,Weijie Yu; Shimeng Mou; Xiaojing Zhang; Jiaying Sun; Yingying Xue; Hangming Xiong; K. Jimmy Hsia; Hao Wan; Ping Wang,Nanyang Technological University; Zhejiang University,CN; SG,Fully independent,Verified,No source-author overlap found in a full OpenAlex/Crossref author list.,,Yes
E088,P01,Multiple artificial mechanoreceptor-embedded waterproof ciliated E-skin via direct-ink-writing vertically 3D printing toward health management of seafarers,2025,Journal of Materials …,,https://pubs.rsc.org/ta/article-abstract/13/45/39174/915270,,"C Jiang, Z Yu, C Liu, S Wang, T Zhu, J Shen…",Exclude,Author metadata incomplete,Unresolved,Compact seed: full API author audit required.,Yes,OpenAlex title search,100.0,https://openalex.org/W4415120231,10.1039/d5ta04906g,Chunlei Jiang; Zhe Yu; Cairong Liu; Shaohao Wang; Tianhong Zhu; Junhao Shen; Z.X. Liu; Muxi Ai; Hengchang Bi; Wu Bin Ying,East China Normal University; Korea Advanced Institute of Science and Technology; Ningbo First Hospital; Ningbo University Affiliated Hospital,CN; KR,Fully independent,Verified,No source-author overlap found in a full OpenAlex/Crossref author list.,,Yes
E089,P01,Ultrasensitive flexible pressure sensor for soft contraction detection,2024,Sensors and Actuators B …,,https://www.sciencedirect.com/science/article/pii/S0925400524007354,https://upcommons.upc.edu/bitstreams/67f04254-fb06-42a4-8f7c-f1f51b00bea2/download,"BG Molina, J Sanz-Farnos, S Sánchez…",Medium,Author metadata incomplete,Unresolved,Compact seed: full API author audit required.,Yes,OpenAlex title search,100.0,https://openalex.org/W4398200900,10.1016/j.snb.2024.136005,Brenda G. Molina; Júlia Sanz-Farnos; Samuel Sánchez; Carlos Alemán,Institució Catalana de Recerca i Estudis Avançats; Institute for Bioengineering of Catalonia; Universitat Politècnica de Catalunya,ES,Fully independent,Verified,No source-author overlap found in a full OpenAlex/Crossref author list.,,Yes
E090,P01,Multifunctional Pressure/Strain Sensor Based on Dual-Layer Mxene/TiO2/TPU and Its Application in Gesture Recognition,2025,IEEE Transactions …,,https://ieeexplore.ieee.org/abstract/document/10967040/,,"N Yang, X Yin, H Wang, Y Hui, X Zhou…",Low,Author metadata incomplete,Unresolved,Compact seed: full API author audit required.,Yes,OpenAlex title search,100.0,https://openalex.org/W4409494518,10.1109/tim.2025.3561435,Ning Yang; Xiangyu Yin; Wang Hui-fang; Yaping Hui; Xue Zhou; Xin Yan; Yong Zhao; Tonglei Cheng,Northeastern University; State Key Laboratory of Synthetical Automation for Process Industries,CN,Fully independent,Verified,No source-author overlap found in a full OpenAlex/Crossref author list.,,Yes
E091,P01,A Dual‐Modal Programmable E‐Skin with Tunable In‐Sensor Touch Computing,2026,Advanced Functional …,10.1002/adfm.202530875,https://advanced.onlinelibrary.wiley.com/doi/abs/10.1002/adfm.202530875,,"Y Hu, Z Huang, Y Luo, S Yu, H Chen…",Pending,Author metadata incomplete,Unresolved,Compact seed: full API author audit required.,Yes,OpenAlex DOI,100.0,https://openalex.org/W7126259935,10.1002/adfm.202530875,Yu Hu; Zijian Huang; Yanhao Luo; Shifan Yu; Hao Chen; Lei Liu; Wansheng Lin; Yuchen Lin; Ziquan Guo; Jianghui Zheng; Yuanjin Zheng; Zhiqi Chen; Liao Xinqin,Nanyang Technological University; Xiamen University; Xiamen University of Technology,CN; SG,Fully independent,Verified,No source-author overlap found in a full OpenAlex/Crossref author list.,,Yes
E092,P01,Multi-performance co-optimization of flexible piezoresistive sensors based on bionic strategies,2025,Sensors and Actuators A: Physical,,https://www.sciencedirect.com/science/article/pii/S0924424725005424,,"J Fan, J Ding, C Ma, L Wang, Z Han",Low,Author metadata incomplete,Unresolved,Compact seed: full API author audit required.,Yes,OpenAlex title search,100.0,https://openalex.org/W4410773033,10.1016/j.sna.2025.116736,Jianhua Fan; Jiaze Ding; Cheng Ma; Lu Wang; Zhiwu Han,Jilin University,CN,Fully independent,Verified,No source-author overlap found in a full OpenAlex/Crossref author list.,,Yes
E093,P01,Synergistic Effect of Gradient Conductivity and Gradient Microstructures Enabled Ultrasensitive and Ultrabroad Linear Flexible Tactile Sensors,2026,Advanced …,10.1002/advs.76197,https://advanced.onlinelibrary.wiley.com/doi/abs/10.1002/advs.76197,https://advanced.onlinelibrary.wiley.com/doi/pdf/10.1002/advs.76197,"Y Fang, Y Wang, B Zheng, L Yang, J Yue…",Pending,Author metadata incomplete,Unresolved,Compact seed: full API author audit required.,Yes,OpenAlex DOI,100.0,https://openalex.org/W7165626854,10.1002/advs.76197,Fang Yao; Yue Wang; Bing Zheng; Liu Yang; Jingyi Yue; Qian Zhou; Jinrong Huang; Yongyun Mao; Qi Li; Jifei Wang; Dongsheng Tang; Yuxin Tang; Bingpu Zhou; Bing Ji,Central South University; Fuzhou University; Hunan Normal University; Ministry of Education of the People's Republic of China; National Engineering Research Center of Electromagnetic Radiation Control Materials; University of Macau; Yunnan University,CN; MO,Fully independent,Verified,No source-author overlap found in a full OpenAlex/Crossref author list.,,Yes
E094,P01,Applications of flexible materials in health management assisted by machine learning,2025,RSC advances,,https://pubs.rsc.org/ra/article-abstract/15/28/22386/906852,https://pubs.rsc.org/ra/article-pdf/15/28/22386/10590978/d5ra02594j.pdf,"S Zhou, J Li, F Meng, M Chen, J Cao, X Li",Low,Author metadata incomplete,Unresolved,Compact seed: full API author audit required.,Yes,OpenAlex title search,100.0,https://openalex.org/W4411786516,10.1039/d5ra02594j,Song Zhou; Jiayu Li; Fanlun Meng; Mengqin Chen; Jing Cao; Xusheng Li,Ludong University,CN,Fully independent,Verified,No source-author overlap found in a full OpenAlex/Crossref author list.,,Yes
E095,P01,In‐Situ Polymerization MXene@ PAF‐1 for Triboelectric Nanogenerators With High Surface Charge Density Toward Self‐Powered Cardiovascular Assessment,2026,Advanced Functional …,10.1002/adfm.76816,https://advanced.onlinelibrary.wiley.com/doi/abs/10.1002/adfm.76816,,"Z Zhang, M Sun, RM Yang, W Li, C Liu…",Pending,Author metadata incomplete,Unresolved,Compact seed: full API author audit required.,Yes,OpenAlex DOI,100.0,https://openalex.org/W7167474291,10.1002/adfm.76816,Zhaofu Zhang; Mengxiao Sun; RuMeng Yang; Wenhua Li; C Y Liu; Ze Song,Northeast Normal University; Shandong First Medical University,CN,Fully independent,Verified,No source-author overlap found in a full OpenAlex/Crossref author list.,,Yes
E096,P01,Dual-parameter and high-density sensor array based on a-IGZO thin film transistors,2024,IEEE Electron …,,https://ieeexplore.ieee.org/abstract/document/10516265/,,"J Zhang, C Cheng, H Zhang, J Zhou…",Medium,Author metadata incomplete,Unresolved,Compact seed: full API author audit required.,Yes,OpenAlex title search,100.0,https://openalex.org/W4396599657,10.1109/led.2024.3394855,Jianhua Zhang; Congcong Cheng; Hao Zhang; Jixing Zhou; Hai Liu; Han Zhang; Longlong Chen; Tingting Zhao,Shanghai University,CN,Fully independent,Verified,No source-author overlap found in a full OpenAlex/Crossref author list.,,Yes
E097,P01,Manipulating 2D Nanomaterials: Shaping the Future of Intelligent Wearable Health Monitoring Devices,2026,ACS nano,10.1021/acsnano.5c21609,https://pubs.acs.org/doi/abs/10.1021/acsnano.5c21609,,"S Yuan, J Deng, L Li",High,Author metadata incomplete,Unresolved,Compact seed: full API author audit required.,Yes,OpenAlex DOI,100.0,https://openalex.org/W7130640708,10.1021/acsnano.5c21609,Sally Yuan; Jinxia Deng; Lihong Li,University of Science and Technology Beijing,CN,Fully independent,Verified,No source-author overlap found in a full OpenAlex/Crossref author list.,,Yes
E098,P01,Low modulus coupling circuits: A feasible strategy for achieving highly sensitive linear pressure sensing in fiber crossbars,2024,Advanced Functional …,10.1002/adfm.202405099,https://advanced.onlinelibrary.wiley.com/doi/abs/10.1002/adfm.202405099,,"X Qu, S Zhang, Z Zhu, Z Han, J Li…",Low,Author metadata incomplete,Unresolved,Compact seed: full API author audit required.,Yes,OpenAlex DOI,100.0,https://openalex.org/W4396906102,10.1002/adfm.202405099,Xiangyang Qu; Shengming Zhang; Zixuan Zhu; Zhiliang Han; Jing Li; Lili Deng; Zhou Zhou; Tao Zhang; Mengyao Guan; Huaping Wang; Shiyan Chen,Donghua University,CN,Fully independent,Verified,No source-author overlap found in a full OpenAlex/Crossref author list.,,Yes
E099,P01,Facile Strategy for Preparing Crosstalk-Free and Stabilized Flexible Pressure Sensing Array with Inverted Micropyramids on a Substrate,2025,ACS Applied Electronic Materials,10.1021/acsaelm.5c00067,https://pubs.acs.org/doi/abs/10.1021/acsaelm.5c00067,,"FC Su, HX Huang",Low,Author metadata incomplete,Unresolved,Compact seed: full API author audit required.,Yes,OpenAlex DOI,100.0,https://openalex.org/W4408865077,10.1021/acsaelm.5c00067,Fengchun Su; Han‐Xiong Huang,South China University of Technology,CN,Fully independent,Verified,No source-author overlap found in a full OpenAlex/Crossref author list.,,Yes
E100,P01,Multimodal Electronic Skin Integrating Discrete Wavelet Transform and Deep Learning for Accurate Tactile Perception,2026,Advanced Functional …,10.1002/adfm.75219,https://advanced.onlinelibrary.wiley.com/doi/abs/10.1002/adfm.75219,,"H Kong, X Chen, G Huang, Y Long…",High,Author metadata incomplete,Unresolved,Compact seed: full API author audit required.,Yes,OpenAlex DOI,100.0,https://openalex.org/W7147689529,10.1002/adfm.75219,Hui Kong; Xingguang Chen; Guanghao Huang; Yunze Long; Lianqun Zhou,Chinese Academy of Sciences; Qingdao University; Suzhou Institute of Biomedical Engineering and Technology,CN,Fully independent,Verified,No source-author overlap found in a full OpenAlex/Crossref author list.,,Yes
E101,P01,Ion Coordination–Reduction Synergy Constructs CNFene/Cu Nanoparticles to Regenerate Silk Fibroin Fibers for Reliable and Precise Smart Pulse Diagnosis,2026,Advanced Fiber Materials,10.1007/s42765-026-00722-1,https://link.springer.com/article/10.1007/s42765-026-00722-1,,"S Ruan, S Zhu, Y Dong, R Gong, HY Yu",High,Author metadata incomplete,Unresolved,Compact seed: full API author audit required.,Yes,OpenAlex DOI,100.0,https://openalex.org/W7160297672,10.1007/s42765-026-00722-1,Songju Ruan; Zhu ShuoBin; Yanjuan Dong; Ruixin Gong; Hou-Yong Yu,Donghua University; Zhejiang Sci-Tech University,CN,Fully independent,Verified,No source-author overlap found in a full OpenAlex/Crossref author list.,,Yes
E102,P01,Quasi static pressure tolerant triboelectric textile sensor array for intelligent pulse diagnosis in traditional Chinese medicine,2025,Sensors and Actuators A …,,https://www.sciencedirect.com/science/article/pii/S092442472501204X,,"X Wang, W Guo, X Jiao, Z Jin, C Chuai, J Pan…",High,Author metadata incomplete,Unresolved,Compact seed: full API author audit required.,Yes,OpenAlex title search,100.0,https://openalex.org/W7117125620,10.1016/j.sna.2025.117398,Xinyu Wang; Xinyu Wang; Wenxuan Guo; Xiaodong Jiao; Zhengxiang Jin; Ce Chuai; Junjun Pan; Hao Sun; Hao Sun; Qinglin Sun; Siyuan Wang; Peng Xu,Dalian Maritime University; Nankai University,CN,Fully independent,Verified,No source-author overlap found in a full OpenAlex/Crossref author list.,,Yes
E104,P01,Bioinspired static-dynamic fusion sensing for robotic pulse palpation and continuous blood pressure monitoring,2026,Chemical Engineering …,,https://www.sciencedirect.com/science/article/pii/S1385894726059619,,"G Wu, A Liu, Y Dong, Y Luo, C Han, Y Zhang…",Pending,Author metadata incomplete,Unresolved,Compact seed: full API author audit required.,Yes,OpenAlex title search,100.0,https://openalex.org/W7165020329,10.1016/j.cej.2026.178500,Guoxu Wu; Andeng Liu; Yixin Dong; Yi Luo; Chang Han; Yi Zhang; Meidan Ye; Yuanyuan Liu; Wenxi Guo,First Affiliated Hospital of Xinjiang Medical University; Jimei University; Second Affiliated Hospital of Xinjiang Medical University; Sixth Affiliated Hospital of Xinjiang Medical University; Xiamen University; Xiamen University of Technology; Xinjiang Medical University,CN,Fully independent,Verified,No source-author overlap found in a full OpenAlex/Crossref author list.,,Yes
E105,P01,A flexible piezoresistive pressure sensor with an interlocking microstructure based on modulated corona electric field,2026,Chemical Engineering …,,https://www.sciencedirect.com/science/article/pii/S1385894726046954,,"C Yu, J Xu, F Lv, B Liu, J Li, X Li, Z Hong, Y Wu…",Pending,Author metadata incomplete,Unresolved,Compact seed: full API author audit required.,Yes,OpenAlex title search,100.0,https://openalex.org/W7160916072,10.1016/j.cej.2026.177234,Chun-Shu Yu; Jian Xu; Fu Lv; Bing Liu; Juan Li; Xin Li; Zijian Hong; Yongjun Wu; Yuhui Huang,Hangzhou City University; Hangzhou Dianzi University; Southwest Petroleum University; Taizhou University; Zhejiang Lab; Zhejiang University,CN,Fully independent,Verified,No source-author overlap found in a full OpenAlex/Crossref author list.,,Yes
E107,P01,Bioinspired Permeable Soft Electronics for Advanced Healthcare Monitoring,2026,Advanced Fiber …,10.1007/s42765-026-00747-6,https://link.springer.com/article/10.1007/s42765-026-00747-6,,"M Yuan, Z Zeng, J Zhao, J Ji, J Liu, Y Sun, T Lin…",Pending,Author metadata incomplete,Unresolved,Compact seed: full API author audit required.,Yes,OpenAlex DOI,100.0,https://openalex.org/W7170171581,10.1007/s42765-026-00747-6,Ming Yuan; Zhen Zeng; Jia Zhao; Junru Ji; 刘俊铎; Yuyang Sun; Ting Lin; Shaohua Dong; Yunsheng Fang,Applied Photonics (United Kingdom); First Affiliated Hospital of Xi'an Jiaotong University; Sichuan University; West China Hospital of Sichuan University; Xi'an Jiaotong University,CN; GB,Fully independent,Verified,No source-author overlap found in a full OpenAlex/Crossref author list.,,Yes
E109,P01,Based on In Situ Electrode Corespun Yarn Ion Sensor and Its Arrayed Fabric for Electrical Impedance Tomography,2025,ACS …,10.1021/acssensors.5c01945,https://pubs.acs.org/doi/abs/10.1021/acssensors.5c01945,,"Y He, J Su, X Niu, T Jia, X Xu, W Liang, Q Wang…",Medium,Author metadata incomplete,Unresolved,Compact seed: full API author audit required.,Yes,OpenAlex DOI,100.0,https://openalex.org/W4413935217,10.1021/acssensors.5c01945,Yin He; Jianjun Su; Xinhuan Niu; Tianheng Jia; Xiaoxuan Xu; Wenjing Liang; Qi Wang; Hao Liu,Shaoxing University; Tiangong University,CN,Fully independent,Verified,No source-author overlap found in a full OpenAlex/Crossref author list.,,Yes
E110,P01,Fabrication of rGO/PDMS Flexible Piezoresistive Sensors and Their Application in Oral Occlusal Force Detection,2025,ACS Applied Electronic …,10.1021/acsaelm.5c01173,https://pubs.acs.org/doi/abs/10.1021/acsaelm.5c01173,,"S Liu, L Gao, B Liu, Y Li, G Yang…",Pending,Author metadata incomplete,Unresolved,Compact seed: full API author audit required.,Yes,OpenAlex DOI,100.0,https://openalex.org/W4412881641,10.1021/acsaelm.5c01173,Shengxi Liu; Lei Gao; Bin Liu; Yiyun Li; Gaochuang Yang; Jinqing Wang,Chinese Academy of Sciences; Lanzhou Institute of Chemical Physics; Lanzhou University; State Key Laboratory of Solid Lubrication; Stomatology Hospital; University of Chinese Academy of Sciences,CN,Fully independent,Verified,No source-author overlap found in a full OpenAlex/Crossref author list.,,Yes
E111,P01,ZnO Nanostructure-Based Flexible Pressure Sensors Deposited on Filter Paper for Wearable Application,2025,Langmuir,,https://pubs.acs.org/langd5/article/41/20/12819/3744735,,"J Ding, P Zhao, H Chen",High,Author metadata incomplete,Unresolved,Compact seed: full API author audit required.,Yes,OpenAlex title search,100.0,https://openalex.org/W4410449333,10.1021/acs.langmuir.5c01404,Jijun Ding; Pengfei Zhao; Haixia Chen,Oil and Gas Center; Xi'an Shiyou University,CN,Fully independent,Verified,No source-author overlap found in a full OpenAlex/Crossref author list.,,Yes
E112,P01,Advancements in Synthesis Strategies and Optoelectronic Applications of Bio‐Based Photosensitive Polyimides,2024,… Journal of Optics,10.1155/2024/5541865,https://onlinelibrary.wiley.com/doi/abs/10.1155/2024/5541865,https://onlinelibrary.wiley.com/doi/pdf/10.1155/2024/5541865,"G Yu, Q Ma, HY Chang, R Zheng…",Pending,Author metadata incomplete,Unresolved,Compact seed: full API author audit required.,Yes,OpenAlex DOI,96.7,https://openalex.org/W4392767062,10.1155/2024/5541865,Guangning Yu; Qi‐wen Ma; Haiyang Chang; Rongrong Zheng; Cheng Wang; Liying Guo,Guangdong University of Technology; Ji Hua Laboratory; Shenyang University of Technology,CN,Fully independent,Verified,No source-author overlap found in a full OpenAlex/Crossref author list.,,Yes
E113,P01,A High‐Linearity Flexible Pressure Sensor for Pulse Physiological Signal Monitoring Enabled by Machine Learning,2025,Advanced Materials …,10.1002/admt.202501463,https://advanced.onlinelibrary.wiley.com/doi/abs/10.1002/admt.202501463,,"Y Lan, G Wu, H Zhang, M Zhu, Y Zhao…",High,Author metadata incomplete,Unresolved,Compact seed: full API author audit required.,Yes,OpenAlex DOI,100.0,https://openalex.org/W4415686944,10.1002/admt.202501463,Yihui Lan; Guirong Wu; Haiyan Zhang; Mengju Zhu; Yunlong Zhao; Zekai Huang; Ruili Qi; Jin Bo Tang; Chenyang Xue; Yongjun Wang; Zhendong Zhao; Xiang Guo; Libo Gao,China National Chemical Engineering (China); Lanzhou University of Technology; Xiamen University; Xiamen University of Technology,CN,Fully independent,Verified,No source-author overlap found in a full OpenAlex/Crossref author list.,,Yes
E114,P01,Elm leaf-mimetic micro-ridge structured MXene@ 3DC-CNTs-PDMS composites for high-sensitivity and wide-range flexible piezoresistive sensors,2026,Journal of Materials …,10.1039/D6TA03780A/1284245,https://pubs.rsc.org/ta/article-abstract/doi/10.1039/D6TA03780A/1284245,,"J Chen, H Tuo, X Wu, H Yin, K Hu, X Zhang…",Pending,Author metadata incomplete,Unresolved,Compact seed: full API author audit required.,Yes,OpenAlex title search,100.0,https://openalex.org/W7171493504,10.1039/d6ta03780a,Jiangtao Chen; Huanhuan TUO; Xifan Wu; Hang Yin; Kangkai Hu; Xuqiang Zhang; Yun Zhao; Jianbiao Chen; Wensheng Li; Yan Li,Lanzhou University of Technology; Northwest Normal University,CN,Fully independent,Verified,No source-author overlap found in a full OpenAlex/Crossref author list.,,Yes
E115,P01,XiangShu Omics: A Framework Based on the Spatio–Temporal Field Rhythms of Human Life and Systems Intelligence Methodology,2026,Engineering,,https://www.sciencedirect.com/science/article/pii/S209580992600113X,https://www.sciencedirect.com/science/article/pii/S209580992600113X,"H Wang, C Yuan, H Zhang, X Wang, H Jia, F Fu…",Pending,Author metadata incomplete,Unresolved,Compact seed: full API author audit required.,Yes,OpenAlex title search,100.0,https://openalex.org/W7133349733,10.1016/j.eng.2026.02.018,Hongyu Wang; Chunchun Yuan; Haitao Zhang; Xiaoyun Wang; Haifeng Jia; Furui Fu; Xichen Tang; Jiarui Cui; Jiangxun Ji; Senjie Shi; Hongbin Xu; Jinni Hong; Tianpeng Liu; Junhao Liang; Mengting Yuan; Xiaomei Liu; Qianqian Liang; D. B. Tang; Shi Qi; Yongjun Wang,China Academy of Chinese Medical Sciences; Chinese Academy of Medical Sciences & Peking Union Medical College; Longhua Hospital Shanghai University of Traditional Chinese Medicine; Shanghai Research Center for Acupuncture and Meridians; Shanghai Traditional Chinese Medicine Hospital; Shanghai University of Traditional Chinese Medicine; Suzhou Institute of Systems Medicine,CN,Fully independent,Verified,No source-author overlap found in a full OpenAlex/Crossref author list.,,Yes
E116,P01,High-resolution flexible tactile sensors,2026,Soft Science,,https://www.oaepublish.com/articles/ss.2026.77?to=comment,https://www.oaepublish.com/articles/ss.2026.77?to=comment,"Z Shen, H Wu, H Yang, K Xu",Low,Author metadata incomplete,Unresolved,Compact seed: full API author audit required.,Yes,OpenAlex title search,92.0,https://openalex.org/W3112669067,10.1109/lra.2022.3146945,Shaoxiong Wang; Mike Lambeta; Po-Wei Chou; Roberto Calandra,Alpha Omega Alpha Medical Honor Society; Massachusetts Institute of Technology; Menlo School,US,Fully independent,Verified,No source-author overlap found in a full OpenAlex/Crossref author list.,,Yes
E117,P01,Dual-templated hierarchical porous polyimide coatings with improved moisture resistance and mechanical integrity,2026,Progress in Organic …,,https://www.sciencedirect.com/science/article/pii/S0300944026005023,,"Y Ma, S Wang, Y Han, W Wang, Y Xu, Z Wang…",Pending,Author metadata incomplete,Unresolved,Compact seed: full API author audit required.,Yes,OpenAlex title search,100.0,https://openalex.org/W7170064586,10.1016/j.porgcoat.2026.110446,Yingyi Ma; Shiyun Wang; Yuhang Han; Wenxia Wang; Y Xu; Zhiyu Wang; Haijun Pang; Haifeng Jia,,,Fully independent,Verified,No source-author overlap found in a full OpenAlex/Crossref author list.,,Yes
E118,P01,Bridging sensation and actuation: From fundamental architectures to adaptive systems,2026,Chemical Engineering …,,https://www.sciencedirect.com/science/article/pii/S1385894726011447,,"Y Huang, W Zhu, C Yin, S Hu, J Zhou, Z Guo…",Pending,Author metadata incomplete,Unresolved,Compact seed: full API author audit required.,Yes,OpenAlex title search,100.0,https://openalex.org/W7127107144,10.1016/j.cej.2026.173685,Yue Huang; Wei Zhu; Chang Yin; Shaoxiong Hu; Jie Zhou; Zhanpeng Guo; Qingqing Zhang; Guangya Zhang; Yuan Deng,Beihang University; Zhejiang University,CN,Fully independent,Verified,No source-author overlap found in a full OpenAlex/Crossref author list.,,Yes
E119,P01,Sensing Systems and Applications,2025,FLEXIBLE SENSORS: Materials …,10.1142/13156,https://www.worldscientific.com/doi/pdf/10.1142/13156#page=278,,"H Niu, P Wang, Y Li, G Shen",Low,Author metadata incomplete,Unresolved,Compact seed: full API author audit required.,Yes,OpenAlex DOI,33.3,https://openalex.org/W4293686642,10.1142/13156,Guozhen Shen; Yang Li,Beijing Institute of Technology; University of Jinan,CN,Fully independent,Verified,No source-author overlap found in a full OpenAlex/Crossref author list.,,Yes
E120,P01,High-density sensor array based on a-IGZO TFT for pressure and light response,2025,… on Electron Devices,,https://ieeexplore.ieee.org/abstract/document/10967554/,,"J Zhang, J Zhou, L Xue, J Dai, X Zhang…",Pending,Author metadata incomplete,Unresolved,Compact seed: full API author audit required.,Yes,OpenAlex title search,100.0,https://openalex.org/W4409561292,10.1109/ted.2025.3558495,Jianhua Zhang; Jixing Zhou; Longwei Xue; Junshuai Dai; Xudong Zhang; Hai Liu; Longlong Chen; Tingting Zhao,Shanghai University,CN,Fully independent,Verified,No source-author overlap found in a full OpenAlex/Crossref author list.,,Yes
E121,P01,Microring structure for flexible polymer waveguide-based optical pressure sensing,2023,Optics …,,https://opg.optica.org/abstract.cfm?uri=oe-31-20-33535,https://opg.optica.org/viewmedia.cfm?uri=oe-31-20-33535&seq=0,"H Li, Z Lin, L Cao, F Ren, L Zhang, Y Wang, R Zhao…",Pending,Author metadata incomplete,Unresolved,Compact seed: full API author audit required.,Yes,OpenAlex title search,100.0,https://openalex.org/W4386250802,10.1364/oe.498784,Hongqiang Li; Zhilin Lin; Lu Cao; Feng Ren; Lizhen Zhang; Yingjie Wang; Ruina Zhao; Zhenya Song; Yang Liu; Youshan Hu; Changyu Li; Shanshan Zhang; Enbang Li; Joan Daniel Prades,Anhui East China Institute of Optoelectronic Technology (China); Intelligent Health (United Kingdom); Nankai University; Tiangong University; Tianjin University; Universitat de Barcelona; University of Wollongong,AU; CN; ES; GB,Fully independent,Verified,No source-author overlap found in a full OpenAlex/Crossref author list.,,Yes
E122,P01,Modulus difference-induced embedding strategy to construct iontronic pressure sensor with high sensitivity and wide linear response range,2023,Iscience,,https://www.cell.com/iscience/fulltext/S2589-0042(23)01381-0,https://www.cell.com/iscience/pdf/S2589-0042(23)01381-0.pdf,"S Liu, Z Song, M Chen, W Li, Y Ma, Z Liu, Y Bao…",Pending,Author metadata incomplete,Unresolved,Compact seed: full API author audit required.,Yes,OpenAlex title search,100.0,https://openalex.org/W4383740948,10.1016/j.isci.2023.107304,Shengjie Liu; Zhongqian Song; Minqi Chen; Weiyan Li; Yingming Ma; Zhenbang Liu; Yu Bao; Azhar Mahmood; Li Niu,Guangzhou University,CN,Fully independent,Verified,No source-author overlap found in a full OpenAlex/Crossref author list.,,Yes
E123,P01,A flexible ion-electronic sensor device with thermal drift suppression for decoupled pressure-temperature sensing,2026,Science China …,10.1007/s11432-025-4675-6,https://link.springer.com/article/10.1007/s11432-025-4675-6,https://www.sciengine.com/doi/pdf/8D7573158A8A420F8BEFE4FA14CA89F5,"G Wu, H Su, Y Wang, Z Su, J Xu, R Shang…",Pending,Author metadata incomplete,Unresolved,Compact seed: full API author audit required.,Yes,OpenAlex DOI,100.0,https://openalex.org/W7161272809,10.1007/s11432-025-4675-6,Guirong Wu; Hao Su; Yihang Wang; Yihang Wang; Jing (Bill) Xu; Jing (Bill) Xu; Ran Wang; Ran Wang; Zhu Mengju; Zekai Huang; Chenyang Xue; Yong Wang; Yong Wang; Libo Gao,Xiamen University; Xiamen University of Technology; Xidian University,CN,Fully independent,Verified,No source-author overlap found in a full OpenAlex/Crossref author list.,,Yes
E124,P01,Ultra-large springback bending strain and its atomistic mechanism in Ni nanowires,2025,Journal of Alloys and …,,https://www.sciencedirect.com/science/article/pii/S0925838824045183,,"YF Zhao, ZX Wang, CP Yang, Y Zhai, SC Mao…",Low,Author metadata incomplete,Unresolved,Compact seed: full API author audit required.,Yes,OpenAlex title search,98.0,https://openalex.org/W4404996358,10.1016/j.jallcom.2024.177930,Yu-Feng Zhao; Zhanxin Wang; Chengpeng Yang; Cheng-Peng Yang; Ya-di Zhai; Sheng-Cheng Mao; Yan Ma; Haibo Long; Ang Li; Li-Hua Wang; Xiaodong Han,Beijing University of Technology; Nanobionics (Brazil); Southern University of Science and Technology; Suzhou Institute of Nano-tech and Nano-bionics,BR; CN,Fully independent,Verified,No source-author overlap found in a full OpenAlex/Crossref author list.,,Yes
E126,P01,A High‐Stability Hydrogel Sensor for Pulse Monitoring,2026,Advances in Polymer …,10.1155/adv/7999020,https://onlinelibrary.wiley.com/doi/abs/10.1155/adv/7999020,https://onlinelibrary.wiley.com/doi/pdf/10.1155/adv/7999020,"J Zhou, C Wang, SY Wang, E Yuan…",Pending,Author metadata incomplete,Unresolved,Compact seed: full API author audit required.,Yes,OpenAlex DOI,100.0,https://openalex.org/W7163521223,10.1155/adv/7999020,Jinli Zhou; Chenxiao Wang; Saiya Wang; Erwei Yuan; Fan Xiong; TianXiao Pan; Shulei Guo; Huizeng Xia; Gaoqiang Feng; Hongying Yang,Yantai University; Zhongyuan University of Technology,CN,Fully independent,Verified,No source-author overlap found in a full OpenAlex/Crossref author list.,,Yes
E127,P01,A tunable-performance capacitive pressure sensor based on the pneumatically reconfigurable porous-core for human-computer interaction,2026,Sensors and Actuators A: Physical,,https://www.sciencedirect.com/science/article/pii/S092442472600381X,,"J Li, S Li, B Wu, Y Xu",High,Author metadata incomplete,Unresolved,Compact seed: full API author audit required.,Yes,OpenAlex title search,100.0,https://openalex.org/W7151067616,10.1016/j.sna.2026.117830,Jun Li; Shuang Li; Bingchao Wu; Yun Xu,Chinese Academy of Sciences; Institute of Semiconductors; University of Chinese Academy of Sciences,CN,Fully independent,Verified,No source-author overlap found in a full OpenAlex/Crossref author list.,,Yes
E128,P01,Nonlinear decoupling study of six-axis acceleration sensor based on improved BP neural network,2025,Sensors,,https://www.mdpi.com/1424-8220/25/7/2280,https://www.mdpi.com/1424-8220/25/7/2280,"J Zhang, C Yu, C Du, Z Hao, Z Sun",Low,Author metadata incomplete,Unresolved,Compact seed: full API author audit required.,Yes,OpenAlex title search,100.0,https://openalex.org/W4409173016,10.3390/s25072280,Jialin Zhang; Chunzhan Yu; Chengxin Du; Zhe Hao; Zhibo Sun,Beihang University; Beijing Forestry University,CN,Fully independent,Verified,No source-author overlap found in a full OpenAlex/Crossref author list.,,Yes
E129,P01,Wrist pulse acquisition system based on MEMS piezoresistive sensor array for health information monitoring,2025,IEEE Sensors …,,https://ieeexplore.ieee.org/abstract/document/10979197/,,"L Huang, X Zhai, P Tian, Z Dai, Y Wang…",Pending,Author metadata incomplete,Unresolved,Compact seed: full API author audit required.,Yes,OpenAlex title search,100.0,https://openalex.org/W4409882936,10.1109/jsen.2025.3559555,Lin Huang; Xingchen Zhai; Peng Tian; Zhiwei Dai; Yunfeng Wang; Haiying Zhang; Jun Zhang,Chinese Academy of Sciences; Institute of Microelectronics,CN,Fully independent,Verified,No source-author overlap found in a full OpenAlex/Crossref author list.,,Yes
E130,P01,Dialogue-Based Disease Diagnosis Using Hierarchical Reinforcement Learning with Multi-Expert Feedback.,2025,… Journal of Advanced Computer Science & …,,https://openurl.ebsco.com/contentitem/gcd:183591986?sid=ebsco:plink:crawler-gcd&id=ebsco:gcd:183591986&crl=c&jrnl=2158107X,,"S Li, X Sun",High,Author metadata incomplete,Unresolved,Compact seed: full API author audit required.,Yes,OpenAlex title search,100.0,https://openalex.org/W4408069473,10.14569/ijacsa.2025.0160232,Li Shi; Xu Sun,Northeast Forestry University,CN,Fully independent,Verified,No source-author overlap found in a full OpenAlex/Crossref author list.,,Yes
E131,P01,Pollen-modified flat silk cocoon pressure sensors for wearable applications,2024,Sensors,,https://www.mdpi.com/1424-8220/24/14/4698,https://www.mdpi.com/1424-8220/24/14/4698,"S Wang, Y Wang, Y Wang, J Liu, F Liu, F Dai, J Li, Z Li",High,Author metadata incomplete,Unresolved,Compact seed: full API author audit required.,Yes,OpenAlex title search,100.0,https://openalex.org/W4400806757,10.3390/s24144698,Shengnan Wang; Yujia Wang; Yi Wang; Jiaqi Liu; Fan Liu; Fangyin Dai; Jiashen Li; Zhi Li,Ministry of Agriculture and Rural Affairs; Southwest University; University of Manchester,CN; GB,Fully independent,Verified,No source-author overlap found in a full OpenAlex/Crossref author list.,,Yes
E135,P01,Conformal Design and Fabrication of Wearable Piezoelectric Sensor Array for Spatiotemporal Distribution of Arterial Pulse Waves,2024,2024 IEEE 37th …,,https://ieeexplore.ieee.org/abstract/document/10439393/,,"L Zhen, Y Zhai, X Zhu, M Xu, Y Li…",High,Author metadata incomplete,Unresolved,Compact seed: full API author audit required.,Yes,OpenAlex title search,100.0,https://openalex.org/W4392029227,10.1109/mems58180.2024.10439393,Liyun Zhen; Yueqi Zhai; Xiantao Zhu; Mengfei Xu; Yizhi Li; Jingquan Liu; Bin Yang,Shanghai Jiao Tong University,CN,Fully independent,Verified,No source-author overlap found in a full OpenAlex/Crossref author list.,,Yes
E136,P01,From Empirical Wisdom to Computational Intelligence: A Knowledge-Data Dual-Driven Paradigm for Modernizing Traditional Chinese Medicine,2026,Chinese Medicine and Culture,,https://journals.lww.com/cmc/abstract/9900/from_empirical_wisdom_to_computational.167.aspx,https://journals.lww.com/cmc/_layouts/15/oaks.journals/downloadpdf.aspx?an=02104054-990000000-00167,"YOU Fei, S Qiongyan",Low,Author metadata incomplete,Unresolved,Compact seed: full API author audit required.,Yes,OpenAlex title search,100.0,https://openalex.org/W7164169889,10.1097/mc9.0000000000000198,Fei YOU; Qiongyan SHAO,Hangzhou Medical College; Zhejiang Shuren University,CN,Fully independent,Verified,No source-author overlap found in a full OpenAlex/Crossref author list.,,Yes
E137,P01,Subthreshold Depression Recognition and Correlation Study from Pulse Condition via Stacking Ensemble Algorithm,2024,International Conference on Extended Reality,10.1007/978-981-96-3679-2_12,https://link.springer.com/chapter/10.1007/978-981-96-3679-2_12,,"H Jiang, M Li, Y Gao, P Li",Pending,Author metadata incomplete,Unresolved,Compact seed: full API author audit required.,Yes,OpenAlex DOI,100.0,https://openalex.org/W4409254642,10.1007/978-981-96-3679-2_12,Han Jiang; Ming Li; Yang Gao; Peiru Li,Beihang University,CN,Fully independent,Verified,No source-author overlap found in a full OpenAlex/Crossref author list.,,Yes
E140,P02,Strategies for enhancing thermal conductivity of PDMS in electronic applications,2026,Advanced Materials Technologies,10.1002/admt.202501210,https://advanced.onlinelibrary.wiley.com/doi/abs/10.1002/admt.202501210,https://advanced.onlinelibrary.wiley.com/doi/pdf/10.1002/admt.202501210,"X Yan, M Martin‐Gonzalez",High,Author metadata incomplete,Unresolved,Compact seed: full API author audit required.,Yes,OpenAlex DOI,100.0,https://openalex.org/W4416228399,10.1002/admt.202501210,Xiang Yan; Marisol Martín‐González,Institute of Micro and Nanotechnology; Universidad Autónoma de Madrid,ES,Fully independent,Verified,No source-author overlap found in a full OpenAlex/Crossref author list.,,Yes
E141,P02,Atomic insights on mechanical and piezoelectric properties of BNNTs and BNNTs/PDMS nanocomposites,2025,International Journal of …,,https://www.sciencedirect.com/science/article/pii/S0020740325000931,,"B Yang, X Yang, Y Li, Q Wang, Y Wu, S Wang",Medium,Author metadata incomplete,Unresolved,Compact seed: full API author audit required.,Yes,OpenAlex title search,100.0,https://openalex.org/W4406833243,10.1016/j.ijmecsci.2025.110007,Bin Yang; Yang Xu; Yunlong Li; Quan Wang; Yufei Wu; Shijie Wang,Shenyang University of Technology; Shenzhen University,CN,Fully independent,Verified,No source-author overlap found in a full OpenAlex/Crossref author list.,,Yes
E142,P02,Graphene/hexagonal boron nitride hetero-fillers for enhanced interfacial thermal conductance in polymer nanocomposites,2025,Composites Communications,,https://www.sciencedirect.com/science/article/pii/S2452213925002062,https://www.sciencedirect.com/science/article/pii/S2452213925002062,"Y Yang, RC Yang, H Song, J Yang, Y Zhang",Medium,Author metadata incomplete,Unresolved,Compact seed: full API author audit required.,Yes,OpenAlex title search,100.0,https://openalex.org/W4410299760,10.1016/j.coco.2025.102453,Youzhe Yang; Richard (Chunhui) Yang; Huanzhi Song; Jie Yang; Yingyan Zhang,RMIT University,AU,Fully independent,Verified,No source-author overlap found in a full OpenAlex/Crossref author list.,,Yes
E143,P02,Construction of micro-nano hybrid structure based on carbon nanotube whisker and alumina for thermally conductive yet electrically insulating silicone rubber …,2024,Composites Science and …,,https://www.sciencedirect.com/science/article/pii/S0266353824000654,,"X Ji, Z Lu, J Wang, N Ye, H Zhang, L Zhou, J Li…",Exclude,Author metadata incomplete,Unresolved,Compact seed: full API author audit required.,Yes,OpenAlex title search,100.0,https://openalex.org/W4391751712,10.1016/j.compscitech.2024.110495,Xiaowang Ji; Zhaoyu Lu; Junyan Wang; Neng Ye; Huan Zhang; Letian Zhou; Jingchao Li; Yonglai Lu,Beijing Forestry University; Beijing University of Chemical Technology,CN,Coauthor-network citation,Probable,"Exact full-name overlap with source coauthor(s), but no shared persistent identifier: Yonglai Lu",Yonglai Lu,Yes
E144,P02,Synergistic effect of dual-modification strategy on thermal conductivity and thermal stability of h-BN/silicone rubber composites: Experiments and simulations,2025,… Communications in Heat …,,https://www.sciencedirect.com/science/article/pii/S0735193325001411,,"W Yang, Y Lin, Y Zhu, C Zhen, W Tao, Y Luo…",High,Author metadata incomplete,Unresolved,Compact seed: full API author audit required.,Yes,OpenAlex title search,100.0,https://openalex.org/W4407754680,10.1016/j.icheatmasstransfer.2025.108716,Wei Yang; Yichao Lin; Yanqi Zhu; Chenxia Zhen; Weihao Tao; Yanlong Luo; Xiujuan Wang,China University of Mining and Technology; Nanjing Forestry University; Qingdao University of Science and Technology; Zhejiang Medicine (China),CN,Fully independent,Verified,No source-author overlap found in a full OpenAlex/Crossref author list.,,Yes
E145,P02,Molecular dynamics simulation of the thermal conductivity mechanism of polydimethylsiloxane composites filled by multilayer hexagonal boron nitride,2024,Diamond and Related …,,https://www.sciencedirect.com/science/article/pii/S0925963524007143,,"W Yang, C Zhen, W Tao, Y Shi, Y Luo, A Sheng…",High,Author metadata incomplete,Unresolved,Compact seed: full API author audit required.,Yes,OpenAlex title search,100.0,https://openalex.org/W4401596689,10.1016/j.diamond.2024.111501,Wei Yang; Chenxia Zhen; Weihao Tao; Yan‐Ping Shi; Yanlong Luo; Anbang Sheng; Yanqi Zhu; Xiujuan Wang,Guangzhou Metro Group (China); Nanjing Forestry University; Qingdao University of Science and Technology,CN,Fully independent,Verified,No source-author overlap found in a full OpenAlex/Crossref author list.,,Yes
E146,P02,Thermal Conductivity of the Graphene/Polydimethylsiloxane Composite by Manipulating the Network Structure,2024,Langmuir,10.1021/acs.langmuir.4c02389,https://pubs.acs.org/doi/abs/10.1021/acs.langmuir.4c02389,,"Y Gao, Z Hu, W Zhang, Y Lu, J Li, L Liu, X Liu, X Zhao…",Exclude,Author metadata incomplete,Unresolved,Compact seed: full API author audit required.,Yes,OpenAlex DOI,100.0,https://openalex.org/W4401283487,10.1021/acs.langmuir.4c02389,Yangyang Gao; Zoumeng Hu; Wenfeng Zhang; Yonglai Lu; Jingchao Li; Li Liu; Xin Liu; Xiuying Zhao; Liqun Zhang,Beijing Forestry University; Beijing University of Chemical Technology; Tianjin University,CN,Coauthor-network citation,Probable,"Exact full-name overlap with source coauthor(s), but no shared persistent identifier: Li Liu; Liqun Zhang; Wenfeng Zhang; Xiuying Zhao; Yangyang Gao; Yonglai Lu",Li Liu; Liqun Zhang; Wenfeng Zhang; Xiuying Zhao; Yangyang Gao; Yonglai Lu,Yes
E147,P02,Optimisation of electron irradiation for creating spin ensembles in hexagonal boron nitride,2024,Materials for …,10.1088/2633-4356/ad65ae,https://iopscience.iop.org/article/10.1088/2633-4356/ad65ae/meta,https://iopscience.iop.org/article/10.1088/2633-4356/ad65ae/meta,"AJ Healey, P Singh, IO Robertson…",High,Author metadata incomplete,Unresolved,Compact seed: full API author audit required.,Yes,OpenAlex DOI,100.0,https://openalex.org/W4400860924,10.1088/2633-4356/ad65ae,Alexander J. Healey; Priya Singh; Islay O. Robertson; Christopher Gavin; Sam C. Scholten; David A. Broadway; Philipp Reineck; Hiroshi Abe; Takeshi Ohshima; Mehran Kianinia; Igor Aharonovich; Jean‐Philippe Tetienne,ARC Centre of Excellence for Transformative Meta-Optical Systems; Centre for Quantum Computation and Communication Technology; National Institutes for Quantum Science and Technology; RMIT University; The University of Melbourne; Tohoku University; University of Technology Sydney,AU; JP,Fully independent,Verified,No source-author overlap found in a full OpenAlex/Crossref author list.,,Yes
E150,P02,Excellent medium-temperature thermoelectric performance of monolayer BiOCl,2022,Langmuir,10.1021/acs.langmuir.2c00741,https://pubs.acs.org/doi/abs/10.1021/acs.langmuir.2c00741,,"Y Gan, CW Wu, ZX Xie, YX Deng, Y Zhang, WX Zhou…",Low,Author metadata incomplete,Unresolved,Compact seed: full API author audit required.,Yes,Crossref DOI fallback,,,10.1021/acs.langmuir.2c00741,Yan Gan; Chen-Wei Wu; Zhong-Xiang Xie; Yuan-Xiang Deng; Yong Zhang; Wu-Xing Zhou; Xue-Kun Chen,,,Fully independent,Verified,No source-author overlap found in a full OpenAlex/Crossref author list.,,Yes
E151,P02,Enhanced thermal conductivity of thermoplastic polyimide nanocomposites: effect of using hexagonal nanoparticles,2024,Polymers,,https://www.mdpi.com/2073-4360/16/23/3231,https://www.mdpi.com/2073-4360/16/23/3231,VM Nazarychev,Medium,Author metadata incomplete,Unresolved,Compact seed: full API author audit required.,Yes,OpenAlex title search,100.0,https://openalex.org/W4404594135,10.3390/polym16233231,Victor M. Nazarychev,Institute of Macromolecular Compounds; Kurchatov Institute; Petersburg Nuclear Physics Institute,RU,Fully independent,Verified,No source-author overlap found in a full OpenAlex/Crossref author list.,,Yes
E152,P02,Improved out-of-plane thermal conductivity of boron nitride nanosheet-filled polyamide 6/polyethylene terephthalate composites by a rapid solidification method,2023,Materials …,,https://pubs.rsc.org/ma/article-abstract/4/6/1490/771851,https://pubs.rsc.org/ma/article/4/6/1490/771851,"Q Xu, Z Chen, X Li, J Hu, Y Liao, Y Liu, L Li, S Wei…",Pending,Author metadata incomplete,Unresolved,Compact seed: full API author audit required.,Yes,OpenAlex title search,100.0,https://openalex.org/W4316036368,10.1039/d2ma00985d,Qingchong Xu; Zhenxing Chen; Xinxin Li; Jiaxin Hu; Yanling Liao; Yongfeng Liu; Long Li; Shiyang Wei; Ziwei Li,Guilin University of Technology; Jiaying University; Key Laboratory of Guangdong Province; Sun Yat-sen University,CN,Fully independent,Verified,No source-author overlap found in a full OpenAlex/Crossref author list.,,Yes
E153,P02,Influence of the surface state on the interfacial bonding strength of the cold-rolled brass/carbon steel composite,2023,Langmuir,10.1021/acs.langmuir.3c01524,https://pubs.acs.org/doi/abs/10.1021/acs.langmuir.3c01524,,"W Wang, J Li, X Liu, Y Bai",Low,Author metadata incomplete,Unresolved,Compact seed: full API author audit required.,Yes,OpenAlex DOI,100.0,https://openalex.org/W4385684151,10.1021/acs.langmuir.3c01524,W J Wang; Jiahui Li; Xue-feng Liu; Yu-Liang Bai,Panzhihua University; Semiconductor Manufacturing International (China); University of Science and Technology Beijing,CN,Fully independent,Verified,No source-author overlap found in a full OpenAlex/Crossref author list.,,Yes
E154,P02,Highly thermally conductive polymer-based composites with 3D exfoliated BNNS/functionalized SiC networks prepared by rapid solidification and hot pressing,2023,Reactive and Functional Polymers,,https://www.sciencedirect.com/science/article/pii/S1381514823000421,,"Q Xu, X Li, Z Chen, L Li, Z Li",Medium,Author metadata incomplete,Unresolved,Compact seed: full API author audit required.,Yes,OpenAlex title search,100.0,https://openalex.org/W4321379030,10.1016/j.reactfunctpolym.2023.105539,Qingchong Xu; Xinxin Li; Zhenxing Chen; Long Li; Ziwei Li,Guilin University of Technology; Jiaying University; Key Laboratory of Guangdong Province; Sun Yat-sen University,CN,Fully independent,Verified,No source-author overlap found in a full OpenAlex/Crossref author list.,,Yes
E155,P02,Enhancement on thermal management and mechanical properties of cellulose nanofiber films through synergistic filler construction and interface optimization,2025,Polymer …,10.1002/pc.29399,https://4spepublications.onlinelibrary.wiley.com/doi/abs/10.1002/pc.29399,,"H Lu, B Yang, J Sang, T Lu, Q Liu, R Zhao…",Low,Author metadata incomplete,Unresolved,Compact seed: full API author audit required.,Yes,OpenAlex DOI,100.0,https://openalex.org/W4405858393,10.1002/pc.29399,Huijie Lu; Bin Yang; Jiaojiao Sang; Tianyu Lu; Qiangwei Liu; Ruyi Zhao; Ting Zhang; Ru Xia; Jiasheng Qian; Yuqing Yang; Ning Jia,Anhui University; National University of Singapore; Sichuan University,CN; SG,Fully independent,Verified,No source-author overlap found in a full OpenAlex/Crossref author list.,,Yes
E156,P02,High-performance all-cellulose composites bulks enabled by a surface dissolution-intense shear plasticization strategy,2026,Carbohydrate …,,https://www.sciencedirect.com/science/article/pii/S0144861726006259,,"M Zu, Z Jia, Q Chen, H Zhang, C Yang, Y Jing…",Pending,Author metadata incomplete,Unresolved,Compact seed: full API author audit required.,Yes,OpenAlex title search,100.0,https://openalex.org/W7163048206,10.1016/j.carbpol.2026.125508,Menghuan Zu; Ziwen Jia; Q Chen; Haitao Zhang; Chenglang Yang; Yuyuan Jing; Haiyu Qiao,China Spallation Neutron Source; Soochow University,CN,Fully independent,Verified,No source-author overlap found in a full OpenAlex/Crossref author list.,,Yes
E159,P02,Investigation of thermal transport mechanism of silicone-modified phenolic matrix nanocomposites with different pyrolysis degrees,2024,Journal of Analytical and …,,https://www.sciencedirect.com/science/article/pii/S0165237024004480,,"J Xiao, G Fang, X Qin, B Wang, C Hong…",High,Author metadata incomplete,Unresolved,Compact seed: full API author audit required.,Yes,OpenAlex title search,100.0,https://openalex.org/W4403045204,10.1016/j.jaap.2024.106793,Jie Xiao; Guodong Fang; Xiaoqiang Qin; Bing Wang; Changqing Hong; Songhe Meng,Harbin Institute of Technology,CN,Fully independent,Verified,No source-author overlap found in a full OpenAlex/Crossref author list.,,Yes
E160,P02,Interface Engineering of Boron Nitride–Polymer Composites for High Thermal Conductivity,2026,Information &Functional …,10.1002/ifm2.70027,https://onlinelibrary.wiley.com/doi/abs/10.1002/ifm2.70027,https://onlinelibrary.wiley.com/doi/pdf/10.1002/ifm2.70027,"Z Chen, Y Meng, C Zhao, X Jiang…",Pending,Author metadata incomplete,Unresolved,Compact seed: full API author audit required.,Yes,OpenAlex DOI,100.0,https://openalex.org/W7170139162,10.1002/ifm2.70027,Zhao Chen; Yuhang Meng; Chenyu Zhao; Xiangfen Jiang; Xuebin Wang,Chinese University of Hong Kong; Collaborative Innovation Center of Advanced Microstructures; Nanjing University of Aeronautics and Astronautics,CN; HK,Fully independent,Verified,No source-author overlap found in a full OpenAlex/Crossref author list.,,Yes
E161,P02,Molecular dynamics investigation of thermal transport across hexagonal boron nitride-eicosane interfaces,2026,International Journal of Thermal Sciences,,https://www.sciencedirect.com/science/article/pii/S1290072926002607,,"SC Ravula, HK Chilukoti",High,Author metadata incomplete,Unresolved,Compact seed: full API author audit required.,Yes,OpenAlex title search,100.0,https://openalex.org/W7120112377,10.2139/ssrn.6051803,Hari Krishna Chilukoti; Sai Charan Ravula,,,Fully independent,Verified,No source-author overlap found in a full OpenAlex/Crossref author list.,,Yes
E162,P02,Gradient structure construction of high thermal conductivity polyurethane/boron nitride composite fiber membrane for thermal management,2025,Molecules,,https://www.mdpi.com/1420-3049/30/7/1449,https://www.mdpi.com/1420-3049/30/7/1449,"Z Miao, J Li, Y Liu, F Jiang",Medium,Author metadata incomplete,Unresolved,Compact seed: full API author audit required.,Yes,OpenAlex title search,100.0,https://openalex.org/W4408807216,10.3390/molecules30071449,Zhonghua Miao; Jingwei Li; Yidan Liu; Fang Jiang,Shanghai University; Shaoxing University; Zhejiang Sci-Tech University,CN,Fully independent,Verified,No source-author overlap found in a full OpenAlex/Crossref author list.,,Yes
E163,P02,Influence of Surface Orientation and Roughness of Stacked Graphene on Thermal Conductivity of Poly (dimethylsiloxane)-Based Composite: A Molecular Dynamics …,2025,The Journal of …,10.1021/acs.jpcc.5c03756,https://pubs.acs.org/doi/abs/10.1021/acs.jpcc.5c03756,,"Z Hu, Y Zhang, J Zhang, Y Lu, J Li, X Zhao…",Exclude,Author metadata incomplete,Unresolved,Compact seed: full API author audit required.,Yes,OpenAlex DOI,100.0,https://openalex.org/W4412094217,10.1021/acs.jpcc.5c03756,Zoumeng Hu; Yang Zhang; Jihua Zhang; Yonglai Lu; Jingchao Li; Xiuying Zhao; Li Liu; Liqun Zhang; Yangyang Gao,Aerospace Research Institute of Materials and Processing Technology; Beijing Forestry University; Beijing University of Chemical Technology; Institute of Wood Science and Technology; State Key Laboratory of Organic-Inorganic Composite Materials,CN; IN,Coauthor-network citation,Probable,"Exact full-name overlap with source coauthor(s), but no shared persistent identifier: Li Liu; Liqun Zhang; Xiuying Zhao; Yangyang Gao; Yonglai Lu",Li Liu; Liqun Zhang; Xiuying Zhao; Yangyang Gao; Yonglai Lu,Yes
E164,P02,Time-resolved degradation kinetics and thermo-mechanical of aluminum-fiber epoxy composites under accelerated uv aging,2026,Polymer Bulletin,10.1007/s00289-026-06502-6,https://link.springer.com/article/10.1007/s00289-026-06502-6,,"SN Esmaeel, MN Ismael, HF Hassan, EJ Mohammad",Low,Author metadata incomplete,Unresolved,Compact seed: full API author audit required.,Yes,OpenAlex DOI,100.0,https://openalex.org/W7162471454,10.1007/s00289-026-06502-6,Suroor Noori Esmaeel; Muna Noori Ismael; Hazim F. Hassan; Elham Jasim Mohammad,Mustansiriyah University; University Of Fallujah; University of Anbar,IQ,Fully independent,Verified,No source-author overlap found in a full OpenAlex/Crossref author list.,,Yes
E165,P02,Introducing structures from hexagonal borophene to nitrophene and their thermal conductivity investigation using a reactive molecular dynamics simulation,2023,Langmuir,10.1021/acs.langmuir.3c01789,https://pubs.acs.org/doi/abs/10.1021/acs.langmuir.3c01789,,"A Farahani, M Foroutan, M Jamshidi, M Sababkar…",High,Author metadata incomplete,Unresolved,Compact seed: full API author audit required.,Yes,OpenAlex DOI,100.0,https://openalex.org/W4386911743,10.1021/acs.langmuir.3c01789,Atefe Farahani; Masumeh Foroutan; Masoud Jamshidi; Mahnaz Sababkar; Ahmad Boudaghi,Iran University of Science and Technology; University of Tehran,IR,Fully independent,Verified,No source-author overlap found in a full OpenAlex/Crossref author list.,,Yes
E166,P02,Molecular dynamics study of structure and mass transport at liquid n-Eicosane/hBN interfaces,2025,Molecular Simulation,10.1080/08927022.2025.2512836,https://www.tandfonline.com/doi/abs/10.1080/08927022.2025.2512836,,"SC Ravula, HK Chilukoti",High,Author metadata incomplete,Unresolved,Compact seed: full API author audit required.,Yes,OpenAlex DOI,100.0,https://openalex.org/W4410887128,10.1080/08927022.2025.2512836,Sai Charan Ravula; Hari Krishna Chilukoti,National Institute of Technology Warangal,IN,Fully independent,Verified,No source-author overlap found in a full OpenAlex/Crossref author list.,,Yes
E168,P02,A novel composite of aluminum nitride and silsesquioxane organic–inorganic hybrid polymer,2025,Journal of the American …,10.1111/jace.70118,https://ceramics.onlinelibrary.wiley.com/doi/abs/10.1111/jace.70118,,"Y Iwase, S Honda, R Kubota…",Low,Author metadata incomplete,Unresolved,Compact seed: full API author audit required.,Yes,OpenAlex DOI,100.0,https://openalex.org/W4412659367,10.1111/jace.70118,Yoshiaki Iwase; Sawao Honda; Ryosuke Kubota; Yuji Iwamoto,Nagoya Institute of Technology; Toagosei (Japan),JP,Fully independent,Verified,No source-author overlap found in a full OpenAlex/Crossref author list.,,Yes
E173,P03,Insights into the synergistic effect of graphene oxide/silica hybrid nanofiller for advancing the properties of epoxy resin,2024,ACS Applied Polymer …,10.1021/acsapm.4c00601,https://pubs.acs.org/doi/abs/10.1021/acsapm.4c00601,,"JS George, P Vijayan P, M Poncot…",High,Author metadata incomplete,Unresolved,Compact seed: full API author audit required.,Yes,Crossref DOI fallback,,,10.1021/acsapm.4c00601,Jesiya Susan George; Poornima Vijayan P; Marc Ponçot; Henri Vahabi; Hanna J Maria; Sabu Thomas,,,Fully independent,Verified,No source-author overlap found in a full OpenAlex/Crossref author list.,,Yes
E174,P03,Development of energy-efficient polymers by using conductive nanohybrid fillers: recent progress and future prospects,2025,… Composites and Hybrid …,10.1007/s42114-025-01330-0,https://link.springer.com/article/10.1007/s42114-025-01330-0,https://link.springer.com/article/10.1007/s42114-025-01330-0,"S Mametja, M Mabuza, ER Sadiku…",Low,Author metadata incomplete,Unresolved,Compact seed: full API author audit required.,Yes,Crossref DOI fallback,,,10.1007/s42114-025-01330-0,S. Mametja; M. Mabuza; E. R. Sadiku; R. S. Mohlamonyane; J. S. Sefadi,,,Fully independent,Verified,No source-author overlap found in a full OpenAlex/Crossref author list.,,Yes
E177,P03,"Effect of calcination temperature on the structural, magnetic, and surface characteristics of quaternary CaFe₂O₄/CuFe₂O₄/ZnFe₂O₄/NiFe₂O₄ ferrite …",2025,Applied Physics A,10.1007/s00339-025-08815-1,https://link.springer.com/article/10.1007/s00339-025-08815-1,https://link.springer.com/article/10.1007/s00339-025-08815-1,"A Manohar, KH Kim",Low,Author metadata incomplete,Unresolved,Compact seed: full API author audit required.,Yes,Crossref DOI fallback,,,10.1007/s00339-025-08815-1,Ala Manohar; Ki Hyeon Kim,,,Fully independent,Verified,No source-author overlap found in a full OpenAlex/Crossref author list.,,Yes
E179,P03,Enhancing the photostability and mechanical properties of poly‐lactic acid (PLA) composites with glutaric acid functionalized titanium dioxide (TiO2),2024,Polymer …,10.1002/pc.28792,https://4spepublications.onlinelibrary.wiley.com/doi/abs/10.1002/pc.28792,,"MG Peña‐Juarez, BAV Balderas…",Low,Author metadata incomplete,Unresolved,Compact seed: full API author audit required.,Yes,Crossref DOI fallback,,,10.1002/pc.28792,M. G. Peña‐Juarez; B. A. Velázquez Balderas; A. Almendarez‐Camarillo; E. J. Gutierrez‐Castañeda; L. López‐Zamora; J. A. Gonzalez‐Calderon,,,Fully independent,Verified,No source-author overlap found in a full OpenAlex/Crossref author list.,,Yes
E181,P03,Stress relaxation and thermal management in highly filled flexible styrene butadiene styrene copolymer‐tungsten composites for high‐energy radiation attenuation,2023,Polymer …,10.1002/pc.27529,https://4spepublications.onlinelibrary.wiley.com/doi/abs/10.1002/pc.27529,,"SK Suman, R Sharma, BN Kaul, RK Mondal…",Low,Author metadata incomplete,Unresolved,Compact seed: full API author audit required.,Yes,Crossref DOI fallback,,,10.1002/pc.27529,S. K. Suman; R. Sharma; B. N. Kaul; R. K. Mondal; K. A. Dubey; S. D. Sharma; Y. K. Bhardwaj; M. S. Kulkarni,,,Fully independent,Verified,No source-author overlap found in a full OpenAlex/Crossref author list.,,Yes
E183,P03,Nanoimprinting of crosslinked polyurethane/polycaprolactone blends: Scratch recovery of surface topographies,2025,Small,10.1002/smll.202406479,https://onlinelibrary.wiley.com/doi/abs/10.1002/smll.202406479,,"C Ramasamy, JC Tan, HY Low",Low,Author metadata incomplete,Unresolved,Compact seed: full API author audit required.,Yes,Crossref DOI fallback,,,10.1002/smll.202406479,Chitrakala Ramasamy; Jeck Chuang Tan; Hong Yee Low,,,Fully independent,Verified,No source-author overlap found in a full OpenAlex/Crossref author list.,,Yes
E184,P03,Effect of nanoparticle shape on interfacial debonding and plastic response in polymer nanocomposites,2026,Journal of Materials Science,10.1007/s10853-025-11901-7,https://link.springer.com/article/10.1007/s10853-025-11901-7,,"Y Xu, S Zhang",Medium,Author metadata incomplete,Unresolved,Compact seed: full API author audit required.,Yes,Crossref DOI fallback,,,10.1007/s10853-025-11901-7,Yi Xu; Sujuan Zhang,,,Fully independent,Verified,No source-author overlap found in a full OpenAlex/Crossref author list.,,Yes
E187,P03,"Comparative Analysis of Nickel‐Coated Graphite, Graphite, and Nickel in PLA/TPU Blends: Advancements in Compatibility, Conductivity, and Rheology",2025,Polymer Composites,10.1002/pc.70021,https://4spepublications.onlinelibrary.wiley.com/doi/abs/10.1002/pc.70021,https://4spepublications.onlinelibrary.wiley.com/doi/pdf/10.1002/pc.70021,"Z Yurtbasi, Z Keskin, AH Cinar…",Medium,Author metadata incomplete,Unresolved,Compact seed: full API author audit required.,Yes,Crossref DOI fallback,,,10.1002/pc.70021,Zuhal Yurtbasi; Zeynep Keskin; Ahmet Hakan Cinar; Alper Kasgoz,,,Fully independent,Verified,No source-author overlap found in a full OpenAlex/Crossref author list.,,Yes
E189,P03,PTC Behavior Based on Thermomechanical Properties in Graphene Nanosheets/Silicone Rubber Nanocomposites,2026,Journal of Applied …,10.1002/app.71018,https://onlinelibrary.wiley.com/doi/abs/10.1002/app.71018,,"F Meng, B Wu, X Yang, P Wang, H Ma…",Pending,Author metadata incomplete,Unresolved,Compact seed: full API author audit required.,Yes,Crossref DOI fallback,,,10.1002/app.71018,Fanze Meng; Bi Wu; Xiaoguang Yang; Peng Wang; Haitao Ma; Deli Duan,,,Fully independent,Verified,No source-author overlap found in a full OpenAlex/Crossref author list.,,Yes
E192,P03,Recent Developments in Compatibilization Strategies for Polymer Blends and Nanocomposites,2026,Macromolecular …,10.1002/mame.70288,https://onlinelibrary.wiley.com/doi/abs/10.1002/mame.70288,https://onlinelibrary.wiley.com/doi/pdf/10.1002/mame.70288,"M Ahmadi, SA Safavi‐Mirmahalleh…",Pending,Author metadata incomplete,Unresolved,Compact seed: full API author audit required.,Yes,Crossref DOI fallback,,,10.1002/mame.70288,Minoo Ahmadi; Seyedeh‐Arefeh Safavi‐Mirmahalleh; Mahdi Salami Hosseini; Mehdi Salami‐Kalajahi,,,Fully independent,Verified,No source-author overlap found in a full OpenAlex/Crossref author list.,,Yes
E195,P03,Electromechanical Coupling Mechanisms of Conductive Rubber: From Conductive Network Evolution to Predictive Structure–Property Frameworks,2026,Journal of Applied …,10.1002/app.70941,https://onlinelibrary.wiley.com/doi/abs/10.1002/app.70941,https://onlinelibrary.wiley.com/doi/pdf/10.1002/app.70941,"Z Rao, Q Dai, H Wang, Z Yang…",Pending,Author metadata incomplete,Unresolved,Compact seed: full API author audit required.,Yes,Crossref DOI fallback,,,10.1002/app.70941,Zhiqiang Rao; Qihang Dai; Haojie Wang; Zuochao Yang; Zhongjie Wang; Yiwan Wu,,,Fully independent,Verified,No source-author overlap found in a full OpenAlex/Crossref author list.,,Yes
E200,P04,Molecular-level elucidation of a fracture process in slide-ring gels via coarse-grained molecular dynamics simulations,2022,Macromolecules,10.1021/acs.macromol.1c01981,https://pubs.acs.org/doi/abs/10.1021/acs.macromol.1c01981,,"S Uehara, Y Wang, Y Ootani, N Ozawa…",High,Author metadata incomplete,Unresolved,Compact seed: full API author audit required.,Yes,Crossref DOI fallback,,,10.1021/acs.macromol.1c01981,Shuichi Uehara; Yang Wang; Yusuke Ootani; Nobuki Ozawa; Momoji Kubo,,,Fully independent,Verified,No source-author overlap found in a full OpenAlex/Crossref author list.,,Yes
E205,P04,From bonds to breaks: multiscale perspectives on polymer network fracture,2025,International Journal of Smart …,10.1080/19475411.2025.2582826,https://www.tandfonline.com/doi/abs/10.1080/19475411.2025.2582826,https://www.tandfonline.com/doi/pdf/10.1080/19475411.2025.2582826,"Z Tang, W Xian, J He, R Long, Y Li",Medium,Author metadata incomplete,Unresolved,Compact seed: full API author audit required.,Yes,Crossref DOI fallback,,,10.1080/19475411.2025.2582826,Zihan Tang; Weikang Xian; Jianxin He; Rong Long; Ying Li,,,Fully independent,Verified,No source-author overlap found in a full OpenAlex/Crossref author list.,,Yes
E208,P04,Advances in experimental and computational methods for studying mechanical properties of double network hydrogels,2026,International Journal of Applied …,10.1142/S1758825125300044,https://www.worldscientific.com/doi/abs/10.1142/S1758825125300044,https://www.researchgate.net/profile/Zishun-Liu/publication/398856548_Advances_in_Experimental_and_Computational_Methods_for_Studying_Mechanical_Properties_of_Double_Network_Hydrogels/links/698760ce5d60ab48356bf623/Advances-in-Experimental-and-Computational-Methods-for-Studying-Mechanical-Properties-of-Double-Network-Hydrogels.pdf,"Z Zhou, J You, J Huang, Z Liu",Medium,Author metadata incomplete,Unresolved,Compact seed: full API author audit required.,Yes,Crossref DOI fallback,,,10.1142/s1758825125300044,Zidi Zhou; Jiapeng You; Jianxi Huang; Zishun Liu,,,Fully independent,Verified,No source-author overlap found in a full OpenAlex/Crossref author list.,,Yes
E209,P04,Effect of the second network on first network rupture and the origin of energy dissipation in double network hydrogels,2025,Macromolecules,10.1021/acs.macromol.5c00331,https://pubs.acs.org/doi/abs/10.1021/acs.macromol.5c00331,,"ZJ Wang, G Wei, T Nakajima, JP Gong",High,Author metadata incomplete,Unresolved,Compact seed: full API author audit required.,Yes,Crossref DOI fallback,,,10.1021/acs.macromol.5c00331,Zhi Jian Wang; Gumi Wei; Tasuku Nakajima; Jian Ping Gong,,,Fully independent,Verified,No source-author overlap found in a full OpenAlex/Crossref author list.,,Yes
E213,P04,Critical importance of both bond breakage and network heterogeneity in hysteresis loop on stress–strain curves and scattering patterns,2024,Macromolecules,10.1021/acs.macromol.4c01996,https://pubs.acs.org/doi/abs/10.1021/acs.macromol.4c01996,https://pubs.acs.org/doi/full/10.1021/acs.macromol.4c01996,"K Hagita, T Murashima",Medium,Author metadata incomplete,Unresolved,Compact seed: full API author audit required.,Yes,Crossref DOI fallback,,,10.1021/acs.macromol.4c01996,Katsumi Hagita; Takahiro Murashima,,,Fully independent,Verified,No source-author overlap found in a full OpenAlex/Crossref author list.,,Yes
E216,P04,A combined numerical and theoretical study on the strengthening and toughening mechanisms of double network hydrogels,2025,… Journal of Smart and Nano Materials,10.1080/19475411.2025.2476130,https://www.tandfonline.com/doi/abs/10.1080/19475411.2025.2476130,https://www.tandfonline.com/doi/pdf/10.1080/19475411.2025.2476130,"B Gong, J Lin, Y Xie, J Qian",High,Author metadata incomplete,Unresolved,Compact seed: full API author audit required.,Yes,Crossref DOI fallback,,,10.1080/19475411.2025.2476130,Bo Gong; Ji Lin; Yu Xie; Jin Qian,,,Fully independent,Verified,No source-author overlap found in a full OpenAlex/Crossref author list.,,Yes
E219,P04,Graphical models of dominant topologies of polymer-substrate adhesive-interfacial strength and toughness,2025,Acta Mechanica Sinica,10.1007/s10409-024-24181-x,https://link.springer.com/article/10.1007/s10409-024-24181-x,https://www.sciengine.com/parse/pdf/0567-7718/220C97761D0D414E992082515A53E47E.pdf,"X Wang, L Liao, X Wu, C Huang",Medium,Author metadata incomplete,Unresolved,Compact seed: full API author audit required.,Yes,Crossref DOI fallback,,,10.1007/s10409-024-24181-x,Xintianyang Wang; Lijuan Liao; Xianqian Wu; Chenguang Huang,,,Fully independent,Verified,No source-author overlap found in a full OpenAlex/Crossref author list.,,Yes
E220,P04,A Molecular Dynamics Simulation Study of Amine-Carboxyl Ionic Interactions and Their Distribution in a Polysiloxanes Network,2022,Journal of Macromolecular …,10.1080/00222348.2022.2116914,https://www.tandfonline.com/doi/abs/10.1080/00222348.2022.2116914,,"W Wu, S Shan, H Zhao, Y Lin…",Low,Author metadata incomplete,Unresolved,Compact seed: full API author audit required.,Yes,Crossref DOI fallback,,,10.1080/00222348.2022.2116914,Weijian Wu; Shijie Shan; Haojie Zhao; Yaling Lin; Anqiang Zhang,,,Fully independent,Verified,No source-author overlap found in a full OpenAlex/Crossref author list.,,Yes
E222,P04,Probing the microscopic origin of toughness in multiple polymer networks,2026,Proceedings of the …,10.1073/pnas.2530175123,https://www.pnas.org/doi/abs/10.1073/pnas.2530175123,https://www.pnas.org/doi/full/10.1073/pnas.2530175123,"NHP Orr, M Le Goff, B Yiming, JL Barrat…",Medium,Author metadata incomplete,Unresolved,Compact seed: full API author audit required.,Yes,Crossref DOI fallback,,,10.1073/pnas.2530175123,Nicholas H. P. Orr; Magali Le Goff; Burebi Yiming; Jean-Louis Barrat; Mehdi Bouzid; Laurence Ramos; Costantino Creton; Kirsten Martens; Luca Cipelletti,,,Fully independent,Verified,No source-author overlap found in a full OpenAlex/Crossref author list.,,Yes
E223,P04,The Effect of Excluded Volume on Fracture Mechanisms in Coarse-Grained Simulations of Polymer Networks,2026,Macromolecules,10.1021/acs.macromol.5c03571,https://pubs.acs.org/doi/abs/10.1021/acs.macromol.5c03571,,"D Sen, K Hasegawa, BD Olsen",Medium,Author metadata incomplete,Unresolved,Compact seed: full API author audit required.,Yes,Crossref DOI fallback,,,10.1021/acs.macromol.5c03571,Devosmita Sen; Kanon Hasegawa; Bradley D. Olsen,,,Fully independent,Verified,No source-author overlap found in a full OpenAlex/Crossref author list.,,Yes
E229,P05,"Analyzing and predicting the viscosity of polymer nanocomposites in the conditions of temperature, shear rate, and nanoparticle loading with molecular dynamics …",2023,The Journal of …,10.1021/acs.jpcb.3c01697,https://pubs.acs.org/doi/abs/10.1021/acs.jpcb.3c01697,https://chemrxiv.org/doi/pdf/10.26434/chemrxiv-2023-1zx8l,"H Li, H Tian, Y Chen, S Xiao, X Zhao…",Exclude,Author metadata incomplete,Unresolved,Compact seed: full API author audit required.,Yes,Crossref DOI fallback,,,10.1021/acs.jpcb.3c01697,Haoxiang Li; Hao Tian; Yewei Chen; Sian Xiao; Xiuying Zhao; Yangyang Gao; Liqun Zhang,,,Coauthor-network citation,Probable,"Exact full-name overlap with source coauthor(s), but no shared persistent identifier: Haoxiang Li; Liqun Zhang; Xiuying Zhao; Yangyang Gao",Haoxiang Li; Liqun Zhang; Xiuying Zhao; Yangyang Gao,Yes
E233,P05,Polymer synergy: enhancing PA6/PLA properties with POE-g-MA and bioactive glass for advanced biomedical solutions,2025,Journal of Polymers and …,10.1007/s10924-025-03505-8,https://link.springer.com/article/10.1007/s10924-025-03505-8,,"MJ Azizli, S Lashgari, K Rezaeeparto, S Parham…",Low,Author metadata incomplete,Unresolved,Compact seed: full API author audit required.,Yes,Crossref DOI fallback,,,10.1007/s10924-025-03505-8,Mohammad Javad Azizli; Soheila Lashgari; Katayoon Rezaeeparto; Somayeh Parham; Azam Ghadami; Lobat Tayebi; Ehsan Vafa; Mohammadreza Asadizadegan,,,Fully independent,Verified,No source-author overlap found in a full OpenAlex/Crossref author list.,,Yes
E244,P05,The impact of nanoparticles on the physicochemical properties of epoxy resin-based endodontic sealers: A systematic review with a network and pairwise meta …,2026,Biomedical …,10.1088/1748-605X/ae3cd9,https://iopscience.iop.org/article/10.1088/1748-605X/ae3cd9/meta,https://iopscience.iop.org/article/10.1088/1748-605X/ae3cd9/pdf,"ME Kalaitzoglou, F Dimopoulos, A Fardi…",Pending,Author metadata incomplete,Unresolved,Compact seed: full API author audit required.,Yes,Crossref DOI fallback,,,10.1088/1748-605x/ae3cd9,Maria- Elpida Kalaitzoglou; Fotis Dimopoulos; Anastasia Fardi; Kostas Kodonas; Elisabeth Koulaouzidou; Nikolaos Economides; Hany Mohamed Aly Ahmed; Christos Gogos,,,Fully independent,Verified,No source-author overlap found in a full OpenAlex/Crossref author list.,,Yes
E253,P06,Understanding the topology freezing temperature of vitrimer-like materials through complementary structural and rheological analyses for phase-separated network,2025,ACS Macro Letters,10.1021/acsmacrolett.4c00783,https://pubs.acs.org/doi/abs/10.1021/acsmacrolett.4c00783,,"M Hayashi, M Suzuki, T Kito",Medium,Author metadata incomplete,Unresolved,Compact seed: full API author audit required.,Yes,Crossref DOI fallback,,,10.1021/acsmacrolett.4c00783,Mikihiro Hayashi; Maho Suzuki; Takumi Kito,,,Fully independent,Verified,No source-author overlap found in a full OpenAlex/Crossref author list.,,Yes
E254,P06,From bonds to breaks: multiscale perspectives on polymer network fracture,2025,International Journal of Smart …,10.1080/19475411.2025.2582826,https://www.tandfonline.com/doi/abs/10.1080/19475411.2025.2582826,https://www.tandfonline.com/doi/pdf/10.1080/19475411.2025.2582826,"Z Tang, W Xian, J He, R Long, Y Li",Medium,Author metadata incomplete,Unresolved,Compact seed: full API author audit required.,Yes,Crossref DOI fallback,,,10.1080/19475411.2025.2582826,Zihan Tang; Weikang Xian; Jianxin He; Rong Long; Ying Li,,,Fully independent,Verified,No source-author overlap found in a full OpenAlex/Crossref author list.,,Yes
E257,P06,Stress Relaxation Modulation via Functionalized Silica in Covalent Adaptable Networks,2026,ACS Applied Polymer …,10.1021/acsapm.6c00613,https://pubs.acs.org/doi/abs/10.1021/acsapm.6c00613,https://pubs.acs.org/doi/full/10.1021/acsapm.6c00613,"J Cho, GJ Sampaio de Almeida, M Nandi…",Pending,Author metadata incomplete,Unresolved,Compact seed: full API author audit required.,Yes,Crossref DOI fallback,,,10.1021/acsapm.6c00613,Jaehyun Cho; Gabriel Joaquim Sampaio de Almeida; Mridula Nandi; M. G. Finn; Blair Brettmann,,,Fully independent,Verified,No source-author overlap found in a full OpenAlex/Crossref author list.,,Yes
E259,P06,"In Situ Decoding of Vitrimer Topological Evolution: A Non-Invasive, External Stress-Free Approach via Hierarchical CNT Sensing Networks",2026,… Applied Materials & …,10.1021/acsami.6c02746,https://pubs.acs.org/doi/abs/10.1021/acsami.6c02746,,"H Dai, B Du, Y Zhao, J Qiu, J Mou, K Peng…",Pending,Author metadata incomplete,Unresolved,Compact seed: full API author audit required.,Yes,Crossref DOI fallback,,,10.1021/acsami.6c02746,Hongbo Dai; Baoyu Du; Yubo Zhao; Jieyang Qiu; Jianpeng Mou; Kun Peng; Shuai Liu; Yunsheng Xu,,,Fully independent,Verified,No source-author overlap found in a full OpenAlex/Crossref author list.,,Yes
E260,P06,Multiscale Simulation of Multicomponent Polyurethane Elastomers: Unraveling Composition-Dependent Microphase Separation Dynamics and Mechanical Properties,2026,Macromolecules,10.1021/acs.macromol.5c03283,https://pubs.acs.org/doi/abs/10.1021/acs.macromol.5c03283,,"Y Meng, X Wu, A Zhang, Y Lin",Low,Author metadata incomplete,Unresolved,Compact seed: full API author audit required.,Yes,Crossref DOI fallback,,,10.1021/acs.macromol.5c03283,Yujiang Meng; Xionghui Wu; Anqiang Zhang; Yaling Lin,,,Fully independent,Verified,No source-author overlap found in a full OpenAlex/Crossref author list.,,Yes
E264,P07,Photothermal lithography for realizing a stretchable multilayer electronic circuit using a laser,2023,ACS …,10.1021/acsnano.3c06207,https://pubs.acs.org/doi/abs/10.1021/acsnano.3c06207,,"S Song, H Hong, KY Kim, KK Kim, J Kim, D Won…",Low,Author metadata incomplete,Unresolved,Compact seed: full API author audit required.,Yes,Crossref DOI fallback,,,10.1021/acsnano.3c06207,Sangmin Song; Hyejun Hong; Kyung Yeun Kim; Kyun Kyu Kim; Jaewoo Kim; Daeyeon Won; Soyoung Yun; Joonhwa Choi; Young-In Ryu; Kyungwoo Lee; Jaeho Park; Joohyuk Kang; Junhyuk Bang; Hyunseon Seo; Yu-Chan Kim; Daeho Lee; Haechang Lee; Jinwoo Lee; Suk-Won Hwang; Seung Hwan Ko; Hojeong Jeon; Wonryung Lee,,,Fully independent,Verified,No source-author overlap found in a full OpenAlex/Crossref author list.,,Yes
E269,P07,Synergetic effects of silicon nanoparticles and multi-walled carbon nanotubes on the structural and dielectric properties of polystyrene-based nanocomposites,2026,Frontiers in …,10.3389/fchem.2026.1789689,https://www.frontiersin.org/journals/chemistry/articles/10.3389/fchem.2026.1789689/full,https://www.frontiersin.org/journals/chemistry/articles/10.3389/fchem.2026.1789689/full,"MF Cuenca-Lozano, HA Shirinova…",Pending,Author metadata incomplete,Unresolved,Compact seed: full API author audit required.,Yes,Crossref DOI fallback,,,10.3389/fchem.2026.1789689,María Fernanda Cuenca-Lozano; Habiba Aslan Shirinova; Lala Rasim Gahramanli; Flora Vidadi Hajiyeva; Sevinj Garib Nuriyeva; Aynura Hidayat Karimova; Eldar Kochari Gasimov; Fuad Huseynali Rzayev; Aysel Ilgar Masimova; Narmin Yashar Suleymanova; Raida Zabit Ibaeva; Cristian Vacacela Gomez,,,Fully independent,Verified,No source-author overlap found in a full OpenAlex/Crossref author list.,,Yes
E271,P07,Advances in polymer nanocomposite coatings for pipeline corrosion mitigation and structural durability,2025,"Academia Nano: Science, Materials …",10.20935/AcadNano7993,https://www.academia.edu/3065-9736/2/4/10.20935/AcadNano7993,https://www.academia.edu/3065-9736/2/4/10.20935/AcadNano7993,"L Etonyeaku, J Muthu, G Kabir",Medium,Author metadata incomplete,Unresolved,Compact seed: full API author audit required.,Yes,Crossref DOI fallback,,,10.20935/acadnano7993,Leonard Etonyeaku; Jacob Muthu; Golam Kabir,,,Fully independent,Verified,No source-author overlap found in a full OpenAlex/Crossref author list.,,Yes
E272,P07,Tailoring Static and Dynamic Properties in Natural Rubber Nanocomposites via Bidisperse Filler Architecture,2026,Polymer Engineering &Science,10.1002/pen.70491,https://4spepublications.onlinelibrary.wiley.com/doi/abs/10.1002/pen.70491,,"T Zhang, F Zeng, Q Li, H Guo",Medium,Author metadata incomplete,Unresolved,Compact seed: full API author audit required.,Yes,Crossref DOI fallback,,,10.1002/pen.70491,Tianzi Zhang; Fanlin Zeng; Qing Li; Hongyu Guo,,,Fully independent,Verified,No source-author overlap found in a full OpenAlex/Crossref author list.,,Yes
E277,P08,Conductivity of diblock copolymer system filled with conducting nano‐particles: Effect of copolymer morphology,2022,Journal of Polymer Science,10.1002/pol.20210729,https://onlinelibrary.wiley.com/doi/abs/10.1002/pol.20210729,,AI Chervanyov,Low,Author metadata incomplete,Unresolved,Compact seed: full API author audit required.,Yes,Crossref DOI fallback,,,10.1002/pol.20210729,A.I. Chervanyov,,,Fully independent,Verified,No source-author overlap found in a full OpenAlex/Crossref author list.,,Yes
E279,P08,Strategic regulation of carbon nanotube dispersion with triblock copolymer phase domains: insights from molecular simulations,2025,Chinese Journal of …,10.1007/s10118-025-3295-9,https://link.springer.com/article/10.1007/s10118-025-3295-9,https://www.cjps.org/rc-pub/front/front-article/download/84324724/lowqualitypdf/Strategic%20Regulation%20of%20Carbon%20Nanotube%20Dispersion%20with%20Triblock%20Copolymer%20Phase%20Domains:%20Insights%20from%20Molecular%20Simulations.pdf,"SL Liu, T Sui, S Xu, XK Xu, G Milano, Y Zhao…",Medium,Author metadata incomplete,Unresolved,Compact seed: full API author audit required.,Yes,Crossref DOI fallback,,,10.1007/s10118-025-3295-9,Shao-Long Liu; Tang Sui; Shuang Xu; Xiao-Ke Xu; Giuseppe Milano; Ying Zhao; You-Liang Zhu; Bao-Sheng Cao,,,Fully independent,Verified,No source-author overlap found in a full OpenAlex/Crossref author list.,,Yes
E289,P09,Dynamics and internal structure evolution during the glass transition of the ethylene–cyclic olefin copolymers: a molecular dynamics simulation,2024,The Journal of Physical …,10.1021/acs.jpcb.4c01286,https://pubs.acs.org/doi/abs/10.1021/acs.jpcb.4c01286,,"F Zhang, W Wang, Y Zhao, X He",High,Author metadata incomplete,Unresolved,Compact seed: full API author audit required.,Yes,Crossref DOI fallback,,,10.1021/acs.jpcb.4c01286,Fan Zhang; Wenhui Wang; Yangyang Zhao; Xuelian He,,,Fully independent,Verified,No source-author overlap found in a full OpenAlex/Crossref author list.,,Yes
E296,P10,Strategic regulation of carbon nanotube dispersion with triblock copolymer phase domains: insights from molecular simulations,2025,Chinese Journal of …,10.1007/s10118-025-3295-9,https://link.springer.com/article/10.1007/s10118-025-3295-9,https://www.cjps.org/rc-pub/front/front-article/download/84324724/lowqualitypdf/Strategic%20Regulation%20of%20Carbon%20Nanotube%20Dispersion%20with%20Triblock%20Copolymer%20Phase%20Domains:%20Insights%20from%20Molecular%20Simulations.pdf,"SL Liu, T Sui, S Xu, XK Xu, G Milano, Y Zhao…",Medium,Author metadata incomplete,Unresolved,Compact seed: full API author audit required.,Yes,Crossref DOI fallback,,,10.1007/s10118-025-3295-9,Shao-Long Liu; Tang Sui; Shuang Xu; Xiao-Ke Xu; Giuseppe Milano; Ying Zhao; You-Liang Zhu; Bao-Sheng Cao,,,Fully independent,Verified,No source-author overlap found in a full OpenAlex/Crossref author list.,,Yes
E298,P11,From bonds to breaks: multiscale perspectives on polymer network fracture,2025,International Journal of Smart …,10.1080/19475411.2025.2582826,https://www.tandfonline.com/doi/abs/10.1080/19475411.2025.2582826,https://www.tandfonline.com/doi/pdf/10.1080/19475411.2025.2582826,"Z Tang, W Xian, J He, R Long, Y Li",Medium,Author metadata incomplete,Unresolved,Compact seed: full API author audit required.,Yes,Crossref DOI fallback,,,10.1080/19475411.2025.2582826,Zihan Tang; Weikang Xian; Jianxin He; Rong Long; Ying Li,,,Fully independent,Verified,No source-author overlap found in a full OpenAlex/Crossref author list.,,Yes
